driverId,image_url
1,https://upload.wikimedia.org/wikipedia/commons/a/ac/Lewis_Hamilton_2022_S%C3%A3o_Paulo_Grand_Prix_%2852498120773%29_%28cropped%29.jpg
2,https://upload.wikimedia.org/wikipedia/commons/2/2c/Nick_Heidfeld_Goodwood_Festival_of_Speed_2019_%2848242681251%29.jpg
3,https://upload.wikimedia.org/wikipedia/commons/3/31/Nico_Rosberg_2016.jpg
4,https://upload.wikimedia.org/wikipedia/commons/9/97/Alonso-68_%2824710447098%29.jpg
5,https://upload.wikimedia.org/wikipedia/commons/2/29/Effect_20190609_091716.jpg
6,https://upload.wikimedia.org/wikipedia/commons/b/bc/Kazuki_Nakajima_2012_WEC_Fuji_%28cropped%29.jpg
7,https://upload.wikimedia.org/wikipedia/commons/4/40/Sebastien_Bourdais_in_2021_%2851221641988%29_%28cropped%29.jpg
8,https://upload.wikimedia.org/wikipedia/commons/f/ff/F12019_Schloss_Gabelhofen_%2822%29_%28cropped%29.jpg
9,https://upload.wikimedia.org/wikipedia/commons/7/7b/Robert_Kubica_at_Monza_2023.jpg
10,https://upload.wikimedia.org/wikipedia/commons/0/0a/Timo_Glock_-_Jordan_EJ14_during_practice_for_the_2004_British_Grand_Prix_%2850831457606%29.jpg
11,https://upload.wikimedia.org/wikipedia/commons/d/d1/Takuma_Sato_%282021%29.jpg
12,https://upload.wikimedia.org/wikipedia/commons/a/a5/Nelson_Piquet_Jr._2021.jpg
13,https://upload.wikimedia.org/wikipedia/commons/e/e7/Felipe_Massa.jpg
14,https://upload.wikimedia.org/wikipedia/commons/b/bc/David_Coulthard_Champions_for_Charity_2022_%28cropped%29.jpg
15,https://upload.wikimedia.org/wikipedia/commons/a/a7/Jarno-Trulli-2014-cropped.jpg
16,https://upload.wikimedia.org/wikipedia/commons/e/e4/Adrian_Sutil.jpg
17,https://upload.wikimedia.org/wikipedia/commons/e/e3/Mark_Webber_2017_United_States_GP_%28cropped%29.jpg
18,https://upload.wikimedia.org/wikipedia/commons/0/0c/Jenson_Button_2024_WEC_Fuji.jpg
19,https://upload.wikimedia.org/wikipedia/commons/7/7f/Anthony_Davidson_Goodwood_Festival_of_Speed_2019_%2848242774922%29.jpg
20,https://upload.wikimedia.org/wikipedia/commons/c/c9/Sebastian_Vettel_2012_Bahrain_GP.jpg
21,https://upload.wikimedia.org/wikipedia/commons/2/26/Jordan_GP_2002.jpg
22,https://upload.wikimedia.org/wikipedia/commons/a/ae/Rubinho.jpg
23,https://upload.wikimedia.org/wikipedia/commons/d/d1/Ralf_Schumacher%2C_2016.png
24,https://upload.wikimedia.org/wikipedia/commons/0/01/Vitantonio_Liuzzi_2011_Malaysia.jpg
25,https://upload.wikimedia.org/wikipedia/commons/e/ef/Alexander_Wurz_-_2016_24_Hours_of_Le_Mans_-_Pit_Walk_%28cropped%29.jpg
26,https://upload.wikimedia.org/wikipedia/commons/c/c7/Scott_Speed_Sonoma_2024.jpg
27,https://upload.wikimedia.org/wikipedia/commons/0/04/Christijan_Albers_2006_%28cropped%29.JPG
28,https://upload.wikimedia.org/wikipedia/commons/a/ab/Markus_winkelhock_brandshatch2014.JPG
29,https://static.vecteezy.com/ti/vetor-gratis/p1/6768382-a-formula-um-carro-de-corrida-com-um-piloto-gratis-vetor.jpg
30,https://upload.wikimedia.org/wikipedia/commons/f/ff/Michael_Schumacher_%28Ferrari%29_-_GP_d%27Italia_1998.jpg
31,https://upload.wikimedia.org/wikipedia/commons/9/9a/Juan_Pablo_Montoya_at_2021_Indianapolis_500_%2851222252077%29_%28cropped%29.jpg
32,https://upload.wikimedia.org/wikipedia/commons/9/97/Christian_Klien_%2813994163352%29_%28cropped%29.jpg
33,https://upload.wikimedia.org/wikipedia/commons/8/88/Tiago_monteiro_spafrancorchamps2014.JPG
34,https://upload.wikimedia.org/wikipedia/commons/9/90/Yuji_Ide_2010_Super_GT_Fuji_400km.jpg
35,https://upload.wikimedia.org/wikipedia/commons/9/9c/Jacques_Villeneuve_August_2011.jpg
36,https://upload.wikimedia.org/wikipedia/commons/a/a9/Franck_Montagny_Le_Mans_drivers_parade_2011_crop.jpg
37,https://upload.wikimedia.org/wikipedia/commons/f/fe/Pedro_de_la_Rosa_2010_Malaysia.jpg
38,https://upload.wikimedia.org/wikipedia/commons/f/f2/Robert_Doornbos_2006_Brazil.jpg
39,https://upload.wikimedia.org/wikipedia/commons/2/2d/A1_Grand_Prix%2C_Kyalami_-_India.jpg
40,https://upload.wikimedia.org/wikipedia/commons/2/26/Patrick_Friesacher.jpg
41,https://upload.wikimedia.org/wikipedia/commons/b/b2/Zonta_%28Toyota%29_qualifying_at_USGP_2005.jpg
42,https://upload.wikimedia.org/wikipedia/commons/d/d6/Fale_F1_Monza_2004_13.jpg
43,https://upload.wikimedia.org/wikipedia/commons/a/a7/Cdmlb06.jpg
44,https://upload.wikimedia.org/wikipedia/commons/e/e1/Olivier_Panis_%28cropped%29.jpg
45,https://upload.wikimedia.org/wikipedia/commons/7/7d/Giorgio_pantano_brandshatch2014.JPG
46,https://upload.wikimedia.org/wikipedia/commons/d/db/Gianmaria_Bruni_2012_WEC_Fuji.jpg
47,https://static.vecteezy.com/ti/vetor-gratis/p1/6768382-a-formula-um-carro-de-corrida-com-um-piloto-gratis-vetor.jpg
48,https://upload.wikimedia.org/wikipedia/commons/6/61/Marc_Gene_2007_Montjuic.jpg
49,https://upload.wikimedia.org/wikipedia/commons/8/8a/Heinz-Harald_Frentzen_a_%28cropped%29.jpg
50,https://upload.wikimedia.org/wikipedia/commons/b/b9/Jos_Verstappen%2C_2006.jpg
51,https://upload.wikimedia.org/wikipedia/commons/2/2b/Justin_Wilson_2013.jpg
52,https://upload.wikimedia.org/wikipedia/commons/8/82/Ralph_Firman_2008_Super_GT.jpg
53,https://upload.wikimedia.org/wikipedia/commons/6/62/Nicolas_kiesa_lemans2006.jpg
54,https://upload.wikimedia.org/wikipedia/commons/8/86/Luciano_Burti_2006_Curitiba.jpg
55,https://upload.wikimedia.org/wikipedia/commons/c/c7/Jean_Alesi%2C_GIMS_2019%2C_Le_Grand-Saconnex_%28GIMS0047%29.jpg
56,https://upload.wikimedia.org/wikipedia/commons/e/eb/Eddie_Irvine_after_the_1999_Australian_Grand_Prix.jpg
57,https://upload.wikimedia.org/wikipedia/commons/a/a6/Mika_H%C3%A4kkinen_Champions_for_Charity_2016-07-27.jpg
58,https://upload.wikimedia.org/wikipedia/commons/c/cc/Tarso_Marques_2007_Curitiba.jpg
59,https://upload.wikimedia.org/wikipedia/commons/f/f7/Enrique_Bernoldi_2007_Curitiba.jpg
60,https://upload.wikimedia.org/wikipedia/commons/0/01/Gaston_Mazzacane_2018_%28cropped%29.png
61,https://upload.wikimedia.org/wikipedia/commons/f/fe/Enge_indianapolis_2001.jpeg
62,https://upload.wikimedia.org/wikipedia/commons/6/69/AlexYoong_0028_%28cropped%29.jpg
63,https://upload.wikimedia.org/wikipedia/commons/c/c7/Mika_Salo_Le_Mans_2009_cropped.jpg
64,https://upload.wikimedia.org/wikipedia/commons/1/11/Fazenda_da_Toca_foto_kiko_ferrite_02295_-_Pedro_Paulo_Diniz_%28cropped%29.jpg
65,https://upload.wikimedia.org/wikipedia/commons/b/bf/Johnny_Herbert_%2831729263593%29.jpg
66,https://upload.wikimedia.org/wikipedia/commons/a/a2/Allan_McNish%2C_Silverstone_2017_%2833883562870%29.jpg
67,https://upload.wikimedia.org/wikipedia/commons/7/75/Sebastien_Buemi_2008_GP2_Silverstone.jpg
68,https://upload.wikimedia.org/wikipedia/commons/f/f2/Toranosuke_Takagi_2008_Super_GT.jpg
69,https://upload.wikimedia.org/wikipedia/commons/9/98/Luca_Badoer_2021_%28cropped%29.jpg
70,https://upload.wikimedia.org/wikipedia/commons/3/36/Alex_Zanardi_%28cropped%29.JPG
71,https://upload.wikimedia.org/wikipedia/commons/2/2c/Minister_for_Sport_Hugh_Robertson_at_launch_of_GREAT_campaign%2C_Australia_%286841281192%29_%28cropped%29.jpg
72,https://upload.wikimedia.org/wikipedia/commons/1/18/Stephane_Sarrazin_2007_Mil_Milhas_Brasil.jpg
73,https://static.vecteezy.com/ti/vetor-gratis/p1/6768382-a-formula-um-carro-de-corrida-com-um-piloto-gratis-vetor.jpg
74,https://upload.wikimedia.org/wikipedia/commons/b/b6/Esteban_Tuero_2017_%28cropped%29.jpg
75,https://upload.wikimedia.org/wikipedia/commons/4/4d/Shinji_Nakano_2009_Japan.jpg
76,https://upload.wikimedia.org/wikipedia/commons/0/03/Jan_Magnussen_%2837535519996%29_%28cropped%29.jpg
77,https://upload.wikimedia.org/wikipedia/commons/c/c9/Gerhard_Berger_1991USA_%28cropped%29.jpg
78,https://upload.wikimedia.org/wikipedia/commons/6/6d/Nicola_Larini_2006_Curitiba.jpg
79,https://upload.wikimedia.org/wikipedia/commons/6/6e/Ukyo_Katayama_2008.jpg
80,https://upload.wikimedia.org/wikipedia/commons/4/4d/F1Lola1997.jpg
81,https://upload.wikimedia.org/wikipedia/commons/1/16/Gianni_morbidelli_spafrancorchamps2014.JPG
82,https://static.vecteezy.com/ti/vetor-gratis/p1/6768382-a-formula-um-carro-de-corrida-com-um-piloto-gratis-vetor.jpg
83,https://upload.wikimedia.org/wikipedia/commons/7/7f/Pedro_Lamy_Le_Mans_drivers_parade_2011_crop.jpg
84,https://upload.wikimedia.org/wikipedia/commons/3/36/Martin_Brundle_2021_%2851591210921%29_%28cropped%29.jpg
85,https://upload.wikimedia.org/wikipedia/commons/1/19/Andrea_montermini_brandshatch2014.JPG
86,https://upload.wikimedia.org/wikipedia/commons/c/cc/Lavaggi_LS1_Spa_2009.JPG
87,https://upload.wikimedia.org/wikipedia/commons/9/99/Mark_Blundell_portrait_2011_%28cropped%29.jpg
88,https://upload.wikimedia.org/wikipedia/commons/7/7d/Aguri_Suzuki_2008_Super_GT.jpg
89,https://upload.wikimedia.org/wikipedia/commons/a/af/Inoue_Footwork_Monaco.jpg
90,https://upload.wikimedia.org/wikipedia/commons/f/f4/Roberto_Bud_suite_97.tif
91,https://upload.wikimedia.org/wikipedia/commons/8/8e/Karl_Wendlinger_-_Sauber_C12_during_practice_for_the_1993_British_Grand_Prix_%2833302730550%29.jpg
92,https://upload.wikimedia.org/wikipedia/commons/0/08/Bertrand_Gachot_-_1991_US_GP.jpg
93,https://static.vecteezy.com/ti/vetor-gratis/p1/6768382-a-formula-um-carro-de-corrida-com-um-piloto-gratis-vetor.jpg
94,https://upload.wikimedia.org/wikipedia/commons/5/58/Pierluigi_Martini_in_2016.jpg
95,https://upload.wikimedia.org/wikipedia/commons/e/e4/Nigel_Mansell_-_Mexican_Grand_Prix_01_%28cropped%29.jpeg
96,https://upload.wikimedia.org/wikipedia/commons/6/69/Jean-Christophe_Boullion_2007_Mil_Milhas_Brasil.jpg
97,https://upload.wikimedia.org/wikipedia/commons/c/cb/Max_papis_%2830129892652%29_%28cropped%29.jpg
98,https://upload.wikimedia.org/wikipedia/commons/d/da/Jean-Denis_D%C3%A9l%C3%A9traz_-_Le_Mans_2012.JPG
99,https://upload.wikimedia.org/wikipedia/commons/9/9a/Gabriele_tarquini_spafrancorchamps2014.JPG
100,https://upload.wikimedia.org/wikipedia/commons/d/d2/Comas_lm2005.jpg
101,https://upload.wikimedia.org/wikipedia/commons/6/62/David_Brabham_2012_%287321981998%29_%28cropped%29.jpg
102,https://upload.wikimedia.org/wikipedia/commons/6/65/Ayrton_Senna_9_%28cropped%29.jpg
103,https://upload.wikimedia.org/wikipedia/commons/5/52/Eric_Bernard_-_Ligier_JS39B_at_the_1994_British_Grand_Prix_%2831729365813%29.jpg
104,https://upload.wikimedia.org/wikipedia/commons/f/f9/Christian_Fittipaldi_2006_Curitiba.jpg
105,https://upload.wikimedia.org/wikipedia/commons/7/76/SCA_0029_MICHELE_ALBORETO_-_Ferrari_F_1-87_-_1987_neg._125_10x15_R_%28cropped%29.JPG
106,https://upload.wikimedia.org/wikipedia/commons/6/6a/Olivier_Beretta_2012_WEC_Fuji.jpg
107,https://upload.wikimedia.org/wikipedia/en/0/02/Roland_Ratzenberger.jpg
108,https://upload.wikimedia.org/wikipedia/commons/e/e1/Paul_Belmondo_par_Claude_Truong-Ngoc_juillet_2013.jpg
109,https://upload.wikimedia.org/wikipedia/commons/3/3f/JJ_Lehto_%28Petit_Le_Mans%2C_2004%29.jpg
110,https://upload.wikimedia.org/wikipedia/commons/2/22/Andrea_De_Cesaris_1982.jpg
111,https://upload.wikimedia.org/wikipedia/commons/e/ea/Jean-Marc_Gounon_%282015%29.JPG
112,https://upload.wikimedia.org/wikipedia/commons/1/10/Philippe_Alliot_en_1993.jpg
113,https://upload.wikimedia.org/wikipedia/commons/9/95/Philippe_Adams%27_Lotus_109.jpg
114,https://upload.wikimedia.org/wikipedia/commons/2/2c/Yannick_DALMAS.JPG
115,https://upload.wikimedia.org/wikipedia/commons/d/db/Hideki_Noda_2009_1000km_of_Okayama.jpg
116,https://upload.wikimedia.org/wikipedia/commons/9/9c/Franck_Lagorce_-_Mondial_de_l%27Automobile_de_Paris_2016_-_003.jpg
117,https://upload.wikimedia.org/wikipedia/commons/7/74/Festival_automobile_international_2015_-_Photocall_-_065_%28cropped3%29.jpg
118,https://upload.wikimedia.org/wikipedia/commons/4/47/Derek_Warwick_Silverstone_2014.JPG
119,https://upload.wikimedia.org/wikipedia/commons/1/17/Patrese%2C_Alfa_Romeo_02.08.1985.jpg
120,https://static.vecteezy.com/ti/vetor-gratis/p1/6768382-a-formula-um-carro-de-corrida-com-um-piloto-gratis-vetor.jpg
121,https://upload.wikimedia.org/wikipedia/commons/0/07/Michael_Andretti_%2853785910028%29_%28cropped%29.jpg
122,https://upload.wikimedia.org/wikipedia/commons/1/1c/Capelli_1991_%28cropped%29.jpg
123,https://upload.wikimedia.org/wikipedia/commons/2/20/Thierry_Boutsen_1993.jpg
124,https://static.vecteezy.com/ti/vetor-gratis/p1/6768382-a-formula-um-carro-de-corrida-com-um-piloto-gratis-vetor.jpg
125,https://static.vecteezy.com/ti/vetor-gratis/p1/6768382-a-formula-um-carro-de-corrida-com-um-piloto-gratis-vetor.jpg
126,https://upload.wikimedia.org/wikipedia/commons/0/01/Toyota_GT-One_-_Ukyou_Katayama%2C_Keiichi_Tsuchiya_%26_Toshio_Suzuki_heads_towards_Dunlop_Bridge_at_the_1999_Le_Mans_%2851890094535%29_%28cropped%29.jpg
127,https://upload.wikimedia.org/wikipedia/commons/e/ea/Gugelmin_%28cropped%29.jpg
128,https://upload.wikimedia.org/wikipedia/commons/c/ca/Eric_van_de_Poele_2008.jpg
129,https://upload.wikimedia.org/wikipedia/commons/8/8c/Venturi_600_LM_-_Michel_Ferte%2C_Olivier_Grouillard_%26_Michel_Neugarten_heads_onto_the_pit_straight_at_the_1994_Le_%2831160857243%29.jpg
130,https://upload.wikimedia.org/wikipedia/commons/0/0d/1992_Andrea_Chiesa_Fondmetal.jpg
131,https://static.vecteezy.com/ti/vetor-gratis/p1/6768382-a-formula-um-carro-de-corrida-com-um-piloto-gratis-vetor.jpg
132,https://static.vecteezy.com/ti/vetor-gratis/p1/6768382-a-formula-um-carro-de-corrida-com-um-piloto-gratis-vetor.jpg
133,https://upload.wikimedia.org/wikipedia/commons/0/0f/Alex_Caffi_1991_%28cropped%29.jpg
134,https://static.vecteezy.com/ti/vetor-gratis/p1/6768382-a-formula-um-carro-de-corrida-com-um-piloto-gratis-vetor.jpg
135,https://static.vecteezy.com/ti/vetor-gratis/p1/6768382-a-formula-um-carro-de-corrida-com-um-piloto-gratis-vetor.jpg
136,https://upload.wikimedia.org/wikipedia/commons/4/4e/Jan_Lammers_LeMans24_2017.jpg
137,https://upload.wikimedia.org/wikipedia/commons/5/5b/Cerimonia_de_entrega_da_medalha_Bras%C3%ADlia_60_anos_-_16.jpg
138,https://upload.wikimedia.org/wikipedia/commons/f/fc/Satoru_Nakajima_demonstrating_Lotus_101_2011_Japan.jpg
139,https://upload.wikimedia.org/wikipedia/commons/b/b3/Emanuele_Pirro_2012_WEC_Fuji_2_%28cropped%29.jpg
140,https://upload.wikimedia.org/wikipedia/commons/7/71/Stefan_Johansson3_%285987943266%29_%28cropped%29.jpg
141,https://static.vecteezy.com/ti/vetor-gratis/p1/6768382-a-formula-um-carro-de-corrida-com-um-piloto-gratis-vetor.jpg
142,https://upload.wikimedia.org/wikipedia/commons/c/c9/Saleen_S7R_-_Thomas_Erdos%2C_Pedro_Chaves_%26_Mike_Newton_at_Ford_Chicane_at_the_2003_Le_Mans_%282%29_%2828298658838%29.jpg
143,https://upload.wikimedia.org/wikipedia/commons/5/5f/Michael_Bartels_2024.jpg
144,https://upload.wikimedia.org/wikipedia/commons/7/79/Naoki_Hattori_2008_Super_GT.jpg
145,https://upload.wikimedia.org/wikipedia/commons/4/40/M187_Minardi.jpg
146,https://upload.wikimedia.org/wikipedia/commons/1/14/Bernd_Schneider_2007_amk.jpg
147,https://static.vecteezy.com/ti/vetor-gratis/p1/6768382-a-formula-um-carro-de-corrida-com-um-piloto-gratis-vetor.jpg
148,https://static.vecteezy.com/ti/vetor-gratis/p1/6768382-a-formula-um-carro-de-corrida-com-um-piloto-gratis-vetor.jpg
149,https://static.vecteezy.com/ti/vetor-gratis/p1/6768382-a-formula-um-carro-de-corrida-com-um-piloto-gratis-vetor.jpg
150,https://static.vecteezy.com/ti/vetor-gratis/p1/6768382-a-formula-um-carro-de-corrida-com-um-piloto-gratis-vetor.jpg
151,https://upload.wikimedia.org/wikipedia/commons/e/e3/Martin_Donnelly_VW_Scirocco_R-Cup_-_2012_%28cropped%29.jpg
152,https://upload.wikimedia.org/wikipedia/commons/0/01/Bruno_Giacomelli_1982.jpg
153,https://upload.wikimedia.org/wikipedia/commons/8/84/Jaime_Alguersuari_Canada_2010_cropped.jpg
154,https://upload.wikimedia.org/wikipedia/commons/5/58/Grosjean_at_2024_Chevrolet_Detroit_Grand_Prix.jpg
155,https://upload.wikimedia.org/wikipedia/commons/4/4f/Kamui_Kobayashi_2024_WEC_Fuji_2.jpg
156,https://upload.wikimedia.org/wikipedia/commons/2/2b/Jonathan_Palmer_Profile.jpg
157,https://upload.wikimedia.org/wikipedia/commons/f/f6/Christian_Danner_1995_Deutsche_Tourenwagen_Meisterschaft%2C_Donington_Park.jpg
158,https://upload.wikimedia.org/wikipedia/commons/8/87/Eddie_Cheever_Jr_2009_Indy_500_Second_Qual_Day.JPG
159,https://static.vecteezy.com/ti/vetor-gratis/p1/6768382-a-formula-um-carro-de-corrida-com-um-piloto-gratis-vetor.jpg
160,https://upload.wikimedia.org/wikipedia/commons/3/34/Ghinzani_Osella_FA1F_1984_Dallas_F1.jpg
161,https://static.vecteezy.com/ti/vetor-gratis/p1/6768382-a-formula-um-carro-de-corrida-com-um-piloto-gratis-vetor.jpg
162,https://upload.wikimedia.org/wikipedia/en/f/fb/Coloni_1989.jpg
163,https://upload.wikimedia.org/wikipedia/commons/6/6f/Rene_Arnoux_WSR2008_HU.png
164,https://upload.wikimedia.org/wikipedia/commons/b/b5/Joachim_Winkelhock.jpg
165,https://static.vecteezy.com/ti/vetor-gratis/p1/6768382-a-formula-um-carro-de-corrida-com-um-piloto-gratis-vetor.jpg
166,https://upload.wikimedia.org/wikipedia/commons/c/c7/Festival_automobile_international_2014_-_Photocall_-_019.jpg
167,https://static.vecteezy.com/ti/vetor-gratis/p1/6768382-a-formula-um-carro-de-corrida-com-um-piloto-gratis-vetor.jpg
168,https://upload.wikimedia.org/wikipedia/commons/4/4e/Jean-Louis_Schlesser%2C_2013.JPG
169,https://static.vecteezy.com/ti/vetor-gratis/p1/6768382-a-formula-um-carro-de-corrida-com-um-piloto-gratis-vetor.jpg
170,https://upload.wikimedia.org/wikipedia/commons/1/1e/Teo_Fabi_Toleman_TG185.jpg
171,https://static.vecteezy.com/ti/vetor-gratis/p1/6768382-a-formula-um-carro-de-corrida-com-um-piloto-gratis-vetor.jpg
172,https://upload.wikimedia.org/wikipedia/commons/d/d3/Jacques_Laffite_2015.jpg
173,https://upload.wikimedia.org/wikipedia/commons/4/4e/Anefo_932-2371_Elio_de_Angelis_03.07.1982.jpg
174,https://upload.wikimedia.org/wikipedia/en/2/25/John_Crichton-Stuart_nonfree.jpg
175,https://upload.wikimedia.org/wikipedia/commons/e/ee/Tambay_Renault_RE50_1984_Dallas_F1.jpg
176,https://upload.wikimedia.org/wikipedia/commons/3/3e/Marc_Surer_1982.jpg
177,https://upload.wikimedia.org/wikipedia/commons/3/3c/Anefo_932-2378_Keke_Rosberg%2C_Zandvoort%2C_03-07-1982_-_Restoration.jpg
178,https://upload.wikimedia.org/wikipedia/commons/c/ce/Jones_alan.JPG
179,https://upload.wikimedia.org/wikipedia/commons/7/72/Huub_Rothengatter_in_1977.jpg
180,https://static.vecteezy.com/ti/vetor-gratis/p1/6768382-a-formula-um-carro-de-corrida-com-um-piloto-gratis-vetor.jpg
181,https://upload.wikimedia.org/wikipedia/en/9/98/Manfred_Winkelhock_1984.png
182,https://upload.wikimedia.org/wikipedia/commons/2/2d/Lauda_at_1982_Dutch_Grand_Prix.jpg
183,https://static.vecteezy.com/ti/vetor-gratis/p1/6768382-a-formula-um-carro-de-corrida-com-um-piloto-gratis-vetor.jpg
184,https://upload.wikimedia.org/wikipedia/commons/8/80/Mauro_Baldi_1982.jpg
185,https://upload.wikimedia.org/wikipedia/commons/e/e1/Stefan_Bellof_7508-cropped.jpg
186,https://static.vecteezy.com/ti/vetor-gratis/p1/6768382-a-formula-um-carro-de-corrida-com-um-piloto-gratis-vetor.jpg
187,https://upload.wikimedia.org/wikipedia/commons/3/3d/Watson_at_1982_Dutch_Grand_Prix_%28cropped%29.jpg
188,https://upload.wikimedia.org/wikipedia/commons/4/44/Johnny_Cecotto_%281978%29.jpg
189,https://static.vecteezy.com/ti/vetor-gratis/p1/6768382-a-formula-um-carro-de-corrida-com-um-piloto-gratis-vetor.jpg
190,https://upload.wikimedia.org/wikipedia/commons/d/d8/Corrado_Fabi_Brabham_BT53_1984_Dallas_F1.jpg
191,https://static.vecteezy.com/ti/vetor-gratis/p1/6768382-a-formula-um-carro-de-corrida-com-um-piloto-gratis-vetor.jpg
192,https://upload.wikimedia.org/wikipedia/commons/c/c0/Chico_Serra_2007_Mil_Milhas_Brasil.jpg
193,https://upload.wikimedia.org/wikipedia/commons/1/18/DannySullivanAt2015indy500.JPG
194,https://upload.wikimedia.org/wikipedia/commons/d/d7/Eliseo_Salazar_%281982%29.jpg
195,https://upload.wikimedia.org/wikipedia/commons/3/36/Roberto_Guerrero_2010_Indy_500_Practice_Day_7.JPG
196,https://upload.wikimedia.org/wikipedia/commons/9/98/Raul_Boesel_2007_Mil_Milhas_Brasil.jpg
197,https://upload.wikimedia.org/wikipedia/commons/7/7e/Jean-Pierre_Jarier_en_1976.jpg
198,https://upload.wikimedia.org/wikipedia/commons/1/14/Jacques_Villeneuve_Sr_070615.jpg
199,https://upload.wikimedia.org/wikipedia/commons/3/3a/Reutemann_1981.jpg
200,https://upload.wikimedia.org/wikipedia/commons/3/34/Mass_at_1982_Dutch_Grand_Prix.jpg
201,https://upload.wikimedia.org/wikipedia/commons/b/b5/Borgudd-Slim-1994.jpg
202,https://upload.wikimedia.org/wikipedia/commons/8/86/Pironi_celebrating_at_1982_Dutch_Grand_Prix_%28cropped%29.jpg
203,https://upload.wikimedia.org/wikipedia/en/3/3f/Gilles_Villeneuve_1979_Portrait.jpg
204,https://static.vecteezy.com/ti/vetor-gratis/p1/6768382-a-formula-um-carro-de-corrida-com-um-piloto-gratis-vetor.jpg
205,https://upload.wikimedia.org/wikipedia/commons/c/c4/Brian_Henton_%281971%29.jpg
206,https://upload.wikimedia.org/wikipedia/commons/8/82/Derek_Daly_1982.jpg
207,https://upload.wikimedia.org/wikipedia/commons/c/c3/Mario_Andretti_Goodwood_Festival_of_Speed_2021_%28cropped%29.jpg
208,https://upload.wikimedia.org/wikipedia/commons/a/ac/Emilio_de_Villota_%28cropped%29.jpg
209,https://static.vecteezy.com/ti/vetor-gratis/p1/6768382-a-formula-um-carro-de-corrida-com-um-piloto-gratis-vetor.jpg
210,https://static.vecteezy.com/ti/vetor-gratis/p1/6768382-a-formula-um-carro-de-corrida-com-um-piloto-gratis-vetor.jpg
211,https://upload.wikimedia.org/wikipedia/commons/2/22/L18.34.10_-_Formel_1_-_24_-_Hesketh_308E%2C_1977_-_Graham_Williams_-_paddock_-_DSC_0628_Balancer_%2836986883421%29.jpg
212,https://upload.wikimedia.org/wikipedia/commons/d/dc/1981_Argentine_Grand_Prix%2C_Rebaque.jpg
213,https://upload.wikimedia.org/wikipedia/commons/9/9f/Beppe_Gabbiani_crop.jpg
214,https://static.vecteezy.com/ti/vetor-gratis/p1/6768382-a-formula-um-carro-de-corrida-com-um-piloto-gratis-vetor.jpg
215,https://static.vecteezy.com/ti/vetor-gratis/p1/6768382-a-formula-um-carro-de-corrida-com-um-piloto-gratis-vetor.jpg
216,https://upload.wikimedia.org/wikipedia/commons/3/30/1981_Argentine_Grand_Prix%2C_Stohr.jpg
217,https://upload.wikimedia.org/wikipedia/commons/0/02/1980_Argentine_Grand_Prix_Zunino.jpg
218,https://upload.wikimedia.org/wikipedia/commons/4/47/Ensign_N180_at_Silverstone_Classic_2012.jpg
219,https://upload.wikimedia.org/wikipedia/commons/5/55/JeanPierreJabouille1975.jpg
220,https://static.vecteezy.com/ti/vetor-gratis/p1/6768382-a-formula-um-carro-de-corrida-com-um-piloto-gratis-vetor.jpg
221,https://upload.wikimedia.org/wikipedia/commons/4/4e/PatrickDepailler-ar.jpg
222,https://upload.wikimedia.org/wikipedia/commons/d/dc/Jody_Scheckter_during_the_1979_Monaco_Grand_Prix.jpg
223,https://upload.wikimedia.org/wikipedia/commons/e/e7/Anefo_924-6609_Clay_Reggazoni%2C_Catherine_Blaton%2C_Jacky_Ickx_Zandvoort_18_06_1971_-_Cropped.jpg
224,https://upload.wikimedia.org/wikipedia/commons/5/5e/Emerson_Fittipaldi_in_2020_%28cropped%29.JPG
225,https://static.vecteezy.com/ti/vetor-gratis/p1/6768382-a-formula-um-carro-de-corrida-com-um-piloto-gratis-vetor.jpg
226,https://static.vecteezy.com/ti/vetor-gratis/p1/6768382-a-formula-um-carro-de-corrida-com-um-piloto-gratis-vetor.jpg
227,https://upload.wikimedia.org/wikipedia/commons/8/8e/TiffNeedell.jpg
228,https://static.vecteezy.com/ti/vetor-gratis/p1/6768382-a-formula-um-carro-de-corrida-com-um-piloto-gratis-vetor.jpg
229,https://upload.wikimedia.org/wikipedia/commons/f/fa/HaraldErtlZolder1978.jpg
230,https://upload.wikimedia.org/wikipedia/commons/7/75/Vittorio_Brambilla.jpg
231,https://upload.wikimedia.org/wikipedia/commons/1/12/J._Hunt_in_1977_%28cropped%29.jpg
232,https://upload.wikimedia.org/wikipedia/commons/d/da/Arturo_Merzario_Auto_Zuerich_2024_DSC_6348_%28cropped-2%29.jpg
233,https://upload.wikimedia.org/wikipedia/commons/c/cf/HansJoachimStuck2008.jpg
234,https://upload.wikimedia.org/wikipedia/commons/9/9c/Gianfranco_Brancatelli_%281974%29.jpg
235,https://upload.wikimedia.org/wikipedia/commons/1/19/Jacky_Ickx_Portr%C3%A4t_Mille_Miglia_2018.jpg
236,https://static.vecteezy.com/ti/vetor-gratis/p1/6768382-a-formula-um-carro-de-corrida-com-um-piloto-gratis-vetor.jpg
237,https://upload.wikimedia.org/wikipedia/commons/b/b3/Alex_Ribeiro.jpg
238,https://upload.wikimedia.org/wikipedia/commons/e/e2/Peterson_at_1978_Dutch_Grand_Prix.jpg
239,https://upload.wikimedia.org/wikipedia/commons/d/da/SurteesTS19BarryBoor.JPG
240,https://upload.wikimedia.org/wikipedia/commons/f/f5/Ongais%2C_Danny_%281984%29.jpg
241,https://upload.wikimedia.org/wikipedia/commons/2/21/Lamberto_Leoni_%281974%29.jpg
242,https://upload.wikimedia.org/wikipedia/commons/5/5d/Brabham_BT37_2009_Lime_Rock.jpg
243,https://upload.wikimedia.org/wikipedia/commons/c/c4/Stommelen%2C_Rolf_am_1972-07-07.jpg
244,https://static.vecteezy.com/ti/vetor-gratis/p1/6768382-a-formula-um-carro-de-corrida-com-um-piloto-gratis-vetor.jpg
245,https://upload.wikimedia.org/wikipedia/commons/0/06/Tony_Trimmer_1975_RoC.jpg
246,https://upload.wikimedia.org/wikipedia/commons/f/f4/1977_Argentine_Grand_Prix_Binder.jpg
247,https://upload.wikimedia.org/wikipedia/commons/a/a0/Michael_Bleekemolen_2011.jpg
248,https://upload.wikimedia.org/wikipedia/commons/d/dd/Gimax_GP_Monza_1978.png
249,https://upload.wikimedia.org/wikipedia/commons/6/69/Bobby_Rahal_%282021%29.jpg
250,https://static.vecteezy.com/ti/vetor-gratis/p1/6768382-a-formula-um-carro-de-corrida-com-um-piloto-gratis-vetor.jpg
251,https://upload.wikimedia.org/wikipedia/commons/8/85/1977_Argentine_Grand_Prix_Ian_Scheckter.jpg
252,https://upload.wikimedia.org/wikipedia/en/0/04/Tom_Pryce_1974_British_Grand_Prix.jpg
253,https://upload.wikimedia.org/wikipedia/commons/b/b3/Ingo_Hoffmann_2007_Curitiba.jpg
254,https://upload.wikimedia.org/wikipedia/en/2/2e/Renzo_Zorzi.jpg
255,https://upload.wikimedia.org/wikipedia/commons/1/16/1976-07-10_Gunnar_Nilsson_im_BMW_CSL_%28cropped%29.jpg
256,https://upload.wikimedia.org/wikipedia/commons/e/e2/Larry_Perkins_on_a_sign_%28cropped%29.jpg
257,https://upload.wikimedia.org/wikipedia/commons/5/5b/Hayje_at_1976_Dutch_Grand_Prix.jpg
258,https://upload.wikimedia.org/wikipedia/en/8/8a/Patrick_N%C3%A8ve.jpg
259,https://upload.wikimedia.org/wikipedia/en/e/e9/Davidpurley.jpg
260,https://upload.wikimedia.org/wikipedia/commons/4/4b/Paasraces_op_Zandvoort_%28_Formule_III_%29_Boye_Haye_%2844%29_op_kop%2C_gevolgd_door_Ande%2C_Bestanddeelnr_928-5289.jpg
261,https://static.vecteezy.com/ti/vetor-gratis/p1/6768382-a-formula-um-carro-de-corrida-com-um-piloto-gratis-vetor.jpg
262,https://upload.wikimedia.org/wikipedia/commons/f/f5/Jackie_Oliver_1969_kl.JPG
263,https://static.vecteezy.com/ti/vetor-gratis/p1/6768382-a-formula-um-carro-de-corrida-com-um-piloto-gratis-vetor.jpg
264,https://static.vecteezy.com/ti/vetor-gratis/p1/6768382-a-formula-um-carro-de-corrida-com-um-piloto-gratis-vetor.jpg
265,https://upload.wikimedia.org/wikipedia/commons/b/b9/Hesketh_308D.jpg
266,https://static.vecteezy.com/ti/vetor-gratis/p1/6768382-a-formula-um-carro-de-corrida-com-um-piloto-gratis-vetor.jpg
267,https://upload.wikimedia.org/wikipedia/commons/3/35/Schholhay_83-98_%281%29.JPG
268,https://upload.wikimedia.org/wikipedia/commons/9/94/HansHeyerLate1970s.jpg
269,https://upload.wikimedia.org/wikipedia/commons/2/23/TeddyPilette1975.jpg
270,https://upload.wikimedia.org/wikipedia/commons/7/7b/Ian_Ashley.jpg
271,https://static.vecteezy.com/ti/vetor-gratis/p1/6768382-a-formula-um-carro-de-corrida-com-um-piloto-gratis-vetor.jpg
272,https://upload.wikimedia.org/wikipedia/commons/a/a4/Kunimitsu_Takahashi_1963.jpg
273,https://upload.wikimedia.org/wikipedia/commons/6/6b/Kazuyoshi_Hoshino_2010_Formula_Nippon_Motegi_%28May%29.jpg
274,https://static.vecteezy.com/ti/vetor-gratis/p1/6768382-a-formula-um-carro-de-corrida-com-um-piloto-gratis-vetor.jpg
275,https://upload.wikimedia.org/wikipedia/commons/0/08/Lella-Garage-Reading-04.jpg
276,https://upload.wikimedia.org/wikipedia/commons/a/a3/Monaco_1975_-_Bob_Evans_-_NQ.jpg
277,https://upload.wikimedia.org/wikipedia/commons/0/05/Michel_Lecl%C3%A8re_1975_Watkins_Glen.jpg
278,https://upload.wikimedia.org/wikipedia/commons/7/7b/AmonChris19730706.jpg
279,https://static.vecteezy.com/ti/vetor-gratis/p1/6768382-a-formula-um-carro-de-corrida-com-um-piloto-gratis-vetor.jpg
280,https://static.vecteezy.com/ti/vetor-gratis/p1/6768382-a-formula-um-carro-de-corrida-com-um-piloto-gratis-vetor.jpg
281,https://static.vecteezy.com/ti/vetor-gratis/p1/6768382-a-formula-um-carro-de-corrida-com-um-piloto-gratis-vetor.jpg
282,https://static.vecteezy.com/ti/vetor-gratis/p1/6768382-a-formula-um-carro-de-corrida-com-um-piloto-gratis-vetor.jpg
283,https://upload.wikimedia.org/wikipedia/commons/2/29/Mike_Wilds_Race_Retro_2023.jpg
284,https://static.vecteezy.com/ti/vetor-gratis/p1/6768382-a-formula-um-carro-de-corrida-com-um-piloto-gratis-vetor.jpg
285,https://static.vecteezy.com/ti/vetor-gratis/p1/6768382-a-formula-um-carro-de-corrida-com-um-piloto-gratis-vetor.jpg
286,https://upload.wikimedia.org/wikipedia/commons/4/4d/Lola_T430.jpg
287,https://upload.wikimedia.org/wikipedia/commons/1/1b/Kojima_KE007_front-right_2013_Yurakucho.jpg
288,https://upload.wikimedia.org/wikipedia/commons/a/a0/Mark_Donohue_JPGP_S_75.jpg
289,https://upload.wikimedia.org/wikipedia/commons/f/fc/Graham_Hill_Bestanddeelnr_924-6564.jpg
290,https://upload.wikimedia.org/wikipedia/commons/a/a9/Wilson_Fittipaldi_J%C3%BAnior_2017.jpg
291,https://static.vecteezy.com/ti/vetor-gratis/p1/6768382-a-formula-um-carro-de-corrida-com-um-piloto-gratis-vetor.jpg
292,https://static.vecteezy.com/ti/vetor-gratis/p1/6768382-a-formula-um-carro-de-corrida-com-um-piloto-gratis-vetor.jpg
293,https://upload.wikimedia.org/wikipedia/commons/1/1a/McLaren_M23_%28Emerson_Fittipaldi%29_-_001.jpg
294,https://upload.wikimedia.org/wikipedia/commons/9/99/Graham_Hill_Tony_Brise_1975_British_GP_Color_%28cropped%29.png
295,https://upload.wikimedia.org/wikipedia/commons/b/b4/Roelof_Wunderink_%281972%29.jpg
296,https://upload.wikimedia.org/wikipedia/en/2/23/Fran%C3%A7ois_Migault.jpg
297,https://static.vecteezy.com/ti/vetor-gratis/p1/6768382-a-formula-um-carro-de-corrida-com-um-piloto-gratis-vetor.jpg
298,https://upload.wikimedia.org/wikipedia/commons/4/44/Gijs_van_Lennep_%281971%29.jpg
299,https://static.vecteezy.com/ti/vetor-gratis/p1/6768382-a-formula-um-carro-de-corrida-com-um-piloto-gratis-vetor.jpg
300,https://static.vecteezy.com/ti/vetor-gratis/p1/6768382-a-formula-um-carro-de-corrida-com-um-piloto-gratis-vetor.jpg
301,https://static.vecteezy.com/ti/vetor-gratis/p1/6768382-a-formula-um-carro-de-corrida-com-um-piloto-gratis-vetor.jpg
302,https://upload.wikimedia.org/wikipedia/commons/2/2c/JimCrawford1988Indy500.JPG
303,https://static.vecteezy.com/ti/vetor-gratis/p1/6768382-a-formula-um-carro-de-corrida-com-um-piloto-gratis-vetor.jpg
304,https://upload.wikimedia.org/wikipedia/commons/9/92/HulmeDenis196508_%28cropped%29.jpg
305,https://upload.wikimedia.org/wikipedia/commons/f/f0/Mike_Hailwood.jpg
306,https://upload.wikimedia.org/wikipedia/commons/f/f1/Jean_Pierre_Beltoise_te_Zandvoort_1968.jpg
307,https://upload.wikimedia.org/wikipedia/commons/b/b6/HowdenGanleyNZFMR2015.jpg
308,https://static.vecteezy.com/ti/vetor-gratis/p1/6768382-a-formula-um-carro-de-corrida-com-um-piloto-gratis-vetor.jpg
309,https://upload.wikimedia.org/wikipedia/commons/7/7a/Peter_Revson_1973_N%C3%BCrburgring_a_%28cropped%29.jpg
310,https://static.vecteezy.com/ti/vetor-gratis/p1/6768382-a-formula-um-carro-de-corrida-com-um-piloto-gratis-vetor.jpg
311,https://upload.wikimedia.org/wikipedia/commons/3/3f/Tom_Belso_1973_%28JOKAMAL3B08-11%29.tif
312,https://upload.wikimedia.org/wikipedia/commons/0/01/Brian_Redman_1969_kl.JPG
313,https://upload.wikimedia.org/wikipedia/commons/2/2e/Ensign_at_Silverstone_Classic_2012.jpg
314,https://upload.wikimedia.org/wikipedia/commons/0/07/Tim_Schenken_1971_Hockenheim.JPG
315,https://upload.wikimedia.org/wikipedia/commons/e/ed/GerardLarrousse1975.jpg
316,https://upload.wikimedia.org/wikipedia/commons/1/10/Leo_Kinnunen_1966.jpg
317,https://upload.wikimedia.org/wikipedia/commons/d/d1/Reine_Wisell_1970_N%C3%BCrburgring.JPG
318,https://static.vecteezy.com/ti/vetor-gratis/p1/6768382-a-formula-um-carro-de-corrida-com-um-piloto-gratis-vetor.jpg
319,https://static.vecteezy.com/ti/vetor-gratis/p1/6768382-a-formula-um-carro-de-corrida-com-um-piloto-gratis-vetor.jpg
320,https://upload.wikimedia.org/wikipedia/commons/3/3f/Peter_Gethin%2C_Bestanddeelnr_924-6614_%28cropped2%29.jpg
321,https://upload.wikimedia.org/wikipedia/commons/6/6a/Derek_Bell_%282356476570%29.jpg
322,https://upload.wikimedia.org/wikipedia/commons/4/4a/David_Hobbs.jpg
323,https://upload.wikimedia.org/wikipedia/commons/9/9b/QuesterDieter1973.jpg
324,https://upload.wikimedia.org/wikipedia/en/5/50/Helmuth_Koinigg.jpg
325,https://static.vecteezy.com/ti/vetor-gratis/p1/6768382-a-formula-um-carro-de-corrida-com-um-piloto-gratis-vetor.jpg
326,https://static.vecteezy.com/ti/vetor-gratis/p1/6768382-a-formula-um-carro-de-corrida-com-um-piloto-gratis-vetor.jpg
327,https://upload.wikimedia.org/wikipedia/commons/d/d4/Francois_Cevert_1973.jpg
328,https://upload.wikimedia.org/wikipedia/commons/4/4b/Jackie_Stewart_at_the_2014_WEC_Silverstone_round.jpg
329,https://upload.wikimedia.org/wikipedia/commons/4/40/1972_French_Grand_Prix_Beuttler_%285225615113%29.jpg
330,https://upload.wikimedia.org/wikipedia/commons/7/75/1972_French_Grand_Prix_Galli_%285225605605%29_%28cropped%29.jpg
331,https://upload.wikimedia.org/wikipedia/commons/e/eb/Correio_da_Manh%C3%A3_AN_191_%28cropped%29.jpg
332,https://upload.wikimedia.org/wikipedia/commons/3/34/George_Follmer_1973.jpg
333,https://upload.wikimedia.org/wikipedia/commons/7/75/Andrea_De_Adamich_-_Alfa_Romeo_Giulia_2000_GTAm_%281972_Monza_4_Hours%29.jpg
334,https://static.vecteezy.com/ti/vetor-gratis/p1/6768382-a-formula-um-carro-de-corrida-com-um-piloto-gratis-vetor.jpg
335,https://upload.wikimedia.org/wikipedia/commons/1/1b/Roger_Williamson_statue_Donington_Park.jpg
336,https://upload.wikimedia.org/wikipedia/commons/1/11/Graham_McRae_Levin_1970.jpg
337,https://upload.wikimedia.org/wikipedia/commons/f/fe/Helmut_Marko_Austrian_GP_2016_%28cropped2%29.jpg
338,https://upload.wikimedia.org/wikipedia/commons/e/e4/David_Walker_1971_Lotus_56_B_Pratt_Whitney.jpg
339,https://upload.wikimedia.org/wikipedia/commons/0/07/Alex_Soler-Roig%2C_Spain_1931.jpg
340,https://upload.wikimedia.org/wikipedia/commons/b/b6/John_Love_Surtees_TS9_2019_Silverstone_Classic_%2848557776041%29.jpg
341,https://upload.wikimedia.org/wikipedia/commons/c/c3/John_Surtees.JPG
342,https://static.vecteezy.com/ti/vetor-gratis/p1/6768382-a-formula-um-carro-de-corrida-com-um-piloto-gratis-vetor.jpg
343,https://upload.wikimedia.org/wikipedia/commons/0/01/Bill_Brack_Formula_Atlantic_EIS_1975.jpg
344,https://upload.wikimedia.org/wikipedia/commons/7/72/Speed_tv_f1_panel_ims_stage_2006_%28cropped%29.jpg
345,https://upload.wikimedia.org/wikipedia/commons/6/68/Pedro_Rodr%C3%ADguez_1968_N%C3%BCrburgring-1_%28cropped%29.jpg
346,https://upload.wikimedia.org/wikipedia/commons/7/7e/Siffert%2C_Joseph_1968.jpg
347,https://upload.wikimedia.org/wikipedia/commons/f/f9/BonnierJo196608.jpg
348,https://static.vecteezy.com/ti/vetor-gratis/p1/6768382-a-formula-um-carro-de-corrida-com-um-piloto-gratis-vetor.jpg
349,https://static.vecteezy.com/ti/vetor-gratis/p1/6768382-a-formula-um-carro-de-corrida-com-um-piloto-gratis-vetor.jpg
350,https://upload.wikimedia.org/wikipedia/commons/f/f8/Vic_Elford_Watkins_Glen_2010_%28cropped%29.jpg
351,https://upload.wikimedia.org/wikipedia/commons/1/17/SilvioMoser.jpg
352,https://static.vecteezy.com/ti/vetor-gratis/p1/6768382-a-formula-um-carro-de-corrida-com-um-piloto-gratis-vetor.jpg
353,https://static.vecteezy.com/ti/vetor-gratis/p1/6768382-a-formula-um-carro-de-corrida-com-um-piloto-gratis-vetor.jpg
354,https://static.vecteezy.com/ti/vetor-gratis/p1/6768382-a-formula-um-carro-de-corrida-com-um-piloto-gratis-vetor.jpg
355,https://upload.wikimedia.org/wikipedia/commons/b/b8/BRM_P153.jpg
356,https://upload.wikimedia.org/wikipedia/commons/e/e7/BrabhamJack1966B.jpg
357,https://upload.wikimedia.org/wikipedia/commons/3/39/John_Miles_1970_N%C3%BCrburgring.jpg
358,https://upload.wikimedia.org/wikipedia/commons/c/cb/Rindt_at_1970_Dutch_Grand_Prix_%282C%29.jpg
359,https://static.vecteezy.com/ti/vetor-gratis/p1/6768382-a-formula-um-carro-de-corrida-com-um-piloto-gratis-vetor.jpg
360,https://upload.wikimedia.org/wikipedia/commons/a/a0/McLarenBruce.jpg
361,https://upload.wikimedia.org/wikipedia/commons/3/32/Piers_Courage_1968_N%C3%BCrburgring.JPG
362,https://static.vecteezy.com/ti/vetor-gratis/p1/6768382-a-formula-um-carro-de-corrida-com-um-piloto-gratis-vetor.jpg
363,https://static.vecteezy.com/ti/vetor-gratis/p1/6768382-a-formula-um-carro-de-corrida-com-um-piloto-gratis-vetor.jpg
364,https://upload.wikimedia.org/wikipedia/commons/b/b8/Dan_Gurney_%281970%29.jpg
365,https://upload.wikimedia.org/wikipedia/commons/a/ae/Hahne%2C_Hubert_-_1968.jpg
366,https://static.vecteezy.com/ti/vetor-gratis/p1/6768382-a-formula-um-carro-de-corrida-com-um-piloto-gratis-vetor.jpg
367,https://upload.wikimedia.org/wikipedia/commons/9/98/Peter_Westbury_1970_N%C3%BCrburgring.JPG
368,https://static.vecteezy.com/ti/vetor-gratis/p1/6768382-a-formula-um-carro-de-corrida-com-um-piloto-gratis-vetor.jpg
369,https://upload.wikimedia.org/wikipedia/commons/3/3d/Photo_of_Basil_van_Rooyen.jpg
370,https://upload.wikimedia.org/wikipedia/commons/4/4f/Richard_Attwood_1968_kl.JPG
371,https://static.vecteezy.com/ti/vetor-gratis/p1/6768382-a-formula-um-carro-de-corrida-com-um-piloto-gratis-vetor.jpg
372,https://static.vecteezy.com/ti/vetor-gratis/p1/6768382-a-formula-um-carro-de-corrida-com-um-piloto-gratis-vetor.jpg
373,https://upload.wikimedia.org/wikipedia/commons/4/4f/Jim_Clark_in_1963_%28cropped%29.JPG
374,https://upload.wikimedia.org/wikipedia/commons/f/fe/1965_East_London_G.P..jpg
375,https://static.vecteezy.com/ti/vetor-gratis/p1/6768382-a-formula-um-carro-de-corrida-com-um-piloto-gratis-vetor.jpg
376,https://upload.wikimedia.org/wikipedia/commons/a/ac/BianciLucien_19680802.jpg
377,https://upload.wikimedia.org/wikipedia/en/f/f2/Joschlesserportrait.jpg
378,https://upload.wikimedia.org/wikipedia/commons/7/76/Robin_Widdows_1970_N%C3%BCrburgring.JPG
379,https://upload.wikimedia.org/wikipedia/commons/0/03/Bundesarchiv_Bild_183-82487-0008%2C_Internationale_Halle-Saale-Schleife.jpg
380,https://upload.wikimedia.org/wikipedia/commons/2/22/1969-06-01_Porsche_917.jpg
381,https://upload.wikimedia.org/wikipedia/commons/2/2c/President_Ronald_Reagan_during_a_photo_op_with_Al_Unser_Jr.%2C_Bobby_Unser%2C_Al_Unser_Sr.%2C_Karen_Unser%2C_Shelley_Unser%2C_and_Marsha_Unser_%28cropped%29.jpg
382,https://static.vecteezy.com/ti/vetor-gratis/p1/6768382-a-formula-um-carro-de-corrida-com-um-piloto-gratis-vetor.jpg
383,https://static.vecteezy.com/ti/vetor-gratis/p1/6768382-a-formula-um-carro-de-corrida-com-um-piloto-gratis-vetor.jpg
384,https://static.vecteezy.com/ti/vetor-gratis/p1/6768382-a-formula-um-carro-de-corrida-com-um-piloto-gratis-vetor.jpg
385,https://upload.wikimedia.org/wikipedia/commons/d/d8/Bandini1966cropped.jpg
386,https://upload.wikimedia.org/wikipedia/commons/5/5c/Richie_Ginther_and_Roger_Penske%2C_1964_%28cropped%29.jpg
387,https://upload.wikimedia.org/wikipedia/commons/8/86/Mike_Parkes_1969_kl.JPG
388,https://upload.wikimedia.org/wikipedia/commons/6/65/Chris_Irwin_1968.JPG
389,https://upload.wikimedia.org/wikipedia/en/6/60/Guy_Ligier.jpg
390,https://static.vecteezy.com/ti/vetor-gratis/p1/6768382-a-formula-um-carro-de-corrida-com-um-piloto-gratis-vetor.jpg
391,https://static.vecteezy.com/ti/vetor-gratis/p1/6768382-a-formula-um-carro-de-corrida-com-um-piloto-gratis-vetor.jpg
392,https://static.vecteezy.com/ti/vetor-gratis/p1/6768382-a-formula-um-carro-de-corrida-com-um-piloto-gratis-vetor.jpg
393,https://static.vecteezy.com/ti/vetor-gratis/p1/6768382-a-formula-um-carro-de-corrida-com-um-piloto-gratis-vetor.jpg
394,https://static.vecteezy.com/ti/vetor-gratis/p1/6768382-a-formula-um-carro-de-corrida-com-um-piloto-gratis-vetor.jpg
395,https://upload.wikimedia.org/wikipedia/commons/5/51/Jonathan_Williams_1966.jpg
396,https://upload.wikimedia.org/wikipedia/commons/c/c1/Bob_Portrait2_sm.jpg
397,https://upload.wikimedia.org/wikipedia/commons/e/e3/Peter_Arundell_1968_kl.JPG
398,https://static.vecteezy.com/ti/vetor-gratis/p1/6768382-a-formula-um-carro-de-corrida-com-um-piloto-gratis-vetor.jpg
399,https://upload.wikimedia.org/wikipedia/commons/2/28/John_Taylor_1966.jpg
400,https://static.vecteezy.com/ti/vetor-gratis/p1/6768382-a-formula-um-carro-de-corrida-com-um-piloto-gratis-vetor.jpg
401,https://static.vecteezy.com/ti/vetor-gratis/p1/6768382-a-formula-um-carro-de-corrida-com-um-piloto-gratis-vetor.jpg
402,https://upload.wikimedia.org/wikipedia/commons/7/79/Giacomo_Russo_1966.jpg
403,https://upload.wikimedia.org/wikipedia/commons/8/84/Phil_Hill_1991_USA_%28cropped%29.jpg
404,https://upload.wikimedia.org/wikipedia/commons/8/8c/Innes_Ireland.jpg
405,https://upload.wikimedia.org/wikipedia/commons/2/2b/Ron_Bucknum_met_zijn_Honda_%281964%29.jpg
406,https://upload.wikimedia.org/wikipedia/commons/7/79/Hawkins%2C_Paul_1966.jpg
407,https://static.vecteezy.com/ti/vetor-gratis/p1/6768382-a-formula-um-carro-de-corrida-com-um-piloto-gratis-vetor.jpg
408,https://upload.wikimedia.org/wikipedia/commons/a/af/P._Hill_and_Maggs_at_1962_Dutch_Grand_Prix.jpg
409,https://static.vecteezy.com/ti/vetor-gratis/p1/6768382-a-formula-um-carro-de-corrida-com-um-piloto-gratis-vetor.jpg
410,https://static.vecteezy.com/ti/vetor-gratis/p1/6768382-a-formula-um-carro-de-corrida-com-um-piloto-gratis-vetor.jpg
411,https://static.vecteezy.com/ti/vetor-gratis/p1/6768382-a-formula-um-carro-de-corrida-com-um-piloto-gratis-vetor.jpg
412,https://static.vecteezy.com/ti/vetor-gratis/p1/6768382-a-formula-um-carro-de-corrida-com-um-piloto-gratis-vetor.jpg
413,https://static.vecteezy.com/ti/vetor-gratis/p1/6768382-a-formula-um-carro-de-corrida-com-um-piloto-gratis-vetor.jpg
414,https://static.vecteezy.com/ti/vetor-gratis/p1/6768382-a-formula-um-carro-de-corrida-com-um-piloto-gratis-vetor.jpg
415,https://static.vecteezy.com/ti/vetor-gratis/p1/6768382-a-formula-um-carro-de-corrida-com-um-piloto-gratis-vetor.jpg
416,https://static.vecteezy.com/ti/vetor-gratis/p1/6768382-a-formula-um-carro-de-corrida-com-um-piloto-gratis-vetor.jpg
417,https://static.vecteezy.com/ti/vetor-gratis/p1/6768382-a-formula-um-carro-de-corrida-com-um-piloto-gratis-vetor.jpg
418,https://upload.wikimedia.org/wikipedia/commons/2/2c/GregoryMasten1965.jpg
419,https://static.vecteezy.com/ti/vetor-gratis/p1/6768382-a-formula-um-carro-de-corrida-com-um-piloto-gratis-vetor.jpg
420,https://static.vecteezy.com/ti/vetor-gratis/p1/6768382-a-formula-um-carro-de-corrida-com-um-piloto-gratis-vetor.jpg
421,https://static.vecteezy.com/ti/vetor-gratis/p1/6768382-a-formula-um-carro-de-corrida-com-um-piloto-gratis-vetor.jpg
422,https://upload.wikimedia.org/wikipedia/commons/8/8b/Briangubby.jpg
423,https://upload.wikimedia.org/wikipedia/commons/9/91/MitterGerhard1968.jpg
424,https://upload.wikimedia.org/wikipedia/commons/d/da/1965-05-09_Targa_Florio_Collesano_Alfa_Romeo_Giulia_TZ2_750112_Bussinello%2BTodaro.jpg
425,https://static.vecteezy.com/ti/vetor-gratis/p1/6768382-a-formula-um-carro-de-corrida-com-um-piloto-gratis-vetor.jpg
426,https://static.vecteezy.com/ti/vetor-gratis/p1/6768382-a-formula-um-carro-de-corrida-com-um-piloto-gratis-vetor.jpg
427,https://upload.wikimedia.org/wikipedia/commons/3/35/Maurice_Trintignant_-_El_Gr%C3%A1fico_1801.jpg
428,https://static.vecteezy.com/ti/vetor-gratis/p1/6768382-a-formula-um-carro-de-corrida-com-um-piloto-gratis-vetor.jpg
429,https://static.vecteezy.com/ti/vetor-gratis/p1/6768382-a-formula-um-carro-de-corrida-com-um-piloto-gratis-vetor.jpg
430,https://upload.wikimedia.org/wikipedia/commons/f/f5/N._13_at_1962_Dutch_Grand_Prix_%282%29_%28cropped%29.jpg
431,https://static.vecteezy.com/ti/vetor-gratis/p1/6768382-a-formula-um-carro-de-corrida-com-um-piloto-gratis-vetor.jpg
432,https://static.vecteezy.com/ti/vetor-gratis/p1/6768382-a-formula-um-carro-de-corrida-com-um-piloto-gratis-vetor.jpg
433,https://static.vecteezy.com/ti/vetor-gratis/p1/6768382-a-formula-um-carro-de-corrida-com-um-piloto-gratis-vetor.jpg
434,https://upload.wikimedia.org/wikipedia/commons/f/ff/1967-05-14_Targa_Florio_Collesano_Chaparral_2F_Hill%2BSharp.jpg
435,https://upload.wikimedia.org/wikipedia/commons/4/48/Willy_Mairesse.jpg
436,https://static.vecteezy.com/ti/vetor-gratis/p1/6768382-a-formula-um-carro-de-corrida-com-um-piloto-gratis-vetor.jpg
437,https://static.vecteezy.com/ti/vetor-gratis/p1/6768382-a-formula-um-carro-de-corrida-com-um-piloto-gratis-vetor.jpg
438,https://static.vecteezy.com/ti/vetor-gratis/p1/6768382-a-formula-um-carro-de-corrida-com-um-piloto-gratis-vetor.jpg
439,https://static.vecteezy.com/ti/vetor-gratis/p1/6768382-a-formula-um-carro-de-corrida-com-um-piloto-gratis-vetor.jpg
440,https://upload.wikimedia.org/wikipedia/commons/3/37/Jim_Hall_%28racer%29.jpg
441,https://static.vecteezy.com/ti/vetor-gratis/p1/6768382-a-formula-um-carro-de-corrida-com-um-piloto-gratis-vetor.jpg
442,https://static.vecteezy.com/ti/vetor-gratis/p1/6768382-a-formula-um-carro-de-corrida-com-um-piloto-gratis-vetor.jpg
443,https://upload.wikimedia.org/wikipedia/commons/1/17/Tino_Ernesto_Brambilla.jpg
444,https://static.vecteezy.com/ti/vetor-gratis/p1/6768382-a-formula-um-carro-de-corrida-com-um-piloto-gratis-vetor.jpg
445,https://static.vecteezy.com/ti/vetor-gratis/p1/6768382-a-formula-um-carro-de-corrida-com-um-piloto-gratis-vetor.jpg
446,https://upload.wikimedia.org/wikipedia/commons/0/0d/1963-05-19_Ferrari_250_TRI_von_Abate_u._Maglioli%2C_N%C3%BCrburgring.jpg
447,https://static.vecteezy.com/ti/vetor-gratis/p1/6768382-a-formula-um-carro-de-corrida-com-um-piloto-gratis-vetor.jpg
448,https://static.vecteezy.com/ti/vetor-gratis/p1/6768382-a-formula-um-carro-de-corrida-com-um-piloto-gratis-vetor.jpg
449,https://upload.wikimedia.org/wikipedia/commons/9/9d/Rodger_Ward_1950.jpg
450,https://static.vecteezy.com/ti/vetor-gratis/p1/6768382-a-formula-um-carro-de-corrida-com-um-piloto-gratis-vetor.jpg
451,https://static.vecteezy.com/ti/vetor-gratis/p1/6768382-a-formula-um-carro-de-corrida-com-um-piloto-gratis-vetor.jpg
452,https://static.vecteezy.com/ti/vetor-gratis/p1/6768382-a-formula-um-carro-de-corrida-com-um-piloto-gratis-vetor.jpg
842,https://upload.wikimedia.org/wikipedia/commons/f/fd/2022_French_Grand_Prix_%2852279065728%29_%28midcrop%29.png
453,https://upload.wikimedia.org/wikipedia/commons/3/37/Photograph_of_Jackie_Lewis_in_1961.jpg
454,https://upload.wikimedia.org/wikipedia/commons/2/28/Rodr%C3%ADguez_at_1962_Dutch_Grand_Prix.jpg
455,https://upload.wikimedia.org/wikipedia/commons/0/08/1955-05-01_Mille_Miglia_Porsche_550-15_Seidel_Gl%C3%B6ckler.jpg
456,https://upload.wikimedia.org/wikipedia/commons/3/3d/1958-03-22_Sebring_Roy_Salvadori_%28cropped2%29.jpg
457,https://upload.wikimedia.org/wikipedia/commons/6/66/Ben_Pon_%281964%29.jpg
458,https://upload.wikimedia.org/wikipedia/commons/0/01/Rob_Slotemaker_1968.jpg
459,https://static.vecteezy.com/ti/vetor-gratis/p1/6768382-a-formula-um-carro-de-corrida-com-um-piloto-gratis-vetor.jpg
460,https://static.vecteezy.com/ti/vetor-gratis/p1/6768382-a-formula-um-carro-de-corrida-com-um-piloto-gratis-vetor.jpg
461,https://upload.wikimedia.org/wikipedia/commons/d/d6/1964-05-31_Nr._65_Siffert%2CSchiller%2C_Nr._45_Pon%2C_Koch.JPG
462,https://static.vecteezy.com/ti/vetor-gratis/p1/6768382-a-formula-um-carro-de-corrida-com-um-piloto-gratis-vetor.jpg
463,https://static.vecteezy.com/ti/vetor-gratis/p1/6768382-a-formula-um-carro-de-corrida-com-um-piloto-gratis-vetor.jpg
464,https://static.vecteezy.com/ti/vetor-gratis/p1/6768382-a-formula-um-carro-de-corrida-com-um-piloto-gratis-vetor.jpg
465,https://static.vecteezy.com/ti/vetor-gratis/p1/6768382-a-formula-um-carro-de-corrida-com-um-piloto-gratis-vetor.jpg
466,https://static.vecteezy.com/ti/vetor-gratis/p1/6768382-a-formula-um-carro-de-corrida-com-um-piloto-gratis-vetor.jpg
467,https://static.vecteezy.com/ti/vetor-gratis/p1/6768382-a-formula-um-carro-de-corrida-com-um-piloto-gratis-vetor.jpg
468,https://upload.wikimedia.org/wikipedia/commons/5/54/Roger_Penske_2023_%28cropped%29.jpg
469,https://static.vecteezy.com/ti/vetor-gratis/p1/6768382-a-formula-um-carro-de-corrida-com-um-piloto-gratis-vetor.jpg
470,https://static.vecteezy.com/ti/vetor-gratis/p1/6768382-a-formula-um-carro-de-corrida-com-um-piloto-gratis-vetor.jpg
471,https://static.vecteezy.com/ti/vetor-gratis/p1/6768382-a-formula-um-carro-de-corrida-com-um-piloto-gratis-vetor.jpg
472,https://static.vecteezy.com/ti/vetor-gratis/p1/6768382-a-formula-um-carro-de-corrida-com-um-piloto-gratis-vetor.jpg
473,https://upload.wikimedia.org/wikipedia/commons/8/8f/Gary_Hocking_%281961%29.jpg
474,https://static.vecteezy.com/ti/vetor-gratis/p1/6768382-a-formula-um-carro-de-corrida-com-um-piloto-gratis-vetor.jpg
475,https://upload.wikimedia.org/wikipedia/commons/b/b4/Stirling_Moss.jpg
476,https://upload.wikimedia.org/wikipedia/commons/f/f1/Wolfgang_von_Trips_in_1957.JPG
477,https://upload.wikimedia.org/wikipedia/commons/7/7b/J_Crosthwaite_%28with_oily_rag%29_and_Graham_Hill_%28on_left_of_picture%29_with_Lotus.jpg
478,https://upload.wikimedia.org/wikipedia/commons/1/1b/Hans_Herrmann_%282011%29.jpg
479,https://static.vecteezy.com/ti/vetor-gratis/p1/6768382-a-formula-um-carro-de-corrida-com-um-piloto-gratis-vetor.jpg
480,https://static.vecteezy.com/ti/vetor-gratis/p1/6768382-a-formula-um-carro-de-corrida-com-um-piloto-gratis-vetor.jpg
481,https://upload.wikimedia.org/wikipedia/commons/8/86/Henry_Taylor_driving_a_Ford_Cortina_down_the_bobsleigh_run_at_Cortina_d%27Ampezzo.jpg
482,https://upload.wikimedia.org/wikipedia/commons/1/17/Olivier_Gendebien%2C_1960s.jpg
483,https://static.vecteezy.com/ti/vetor-gratis/p1/6768382-a-formula-um-carro-de-corrida-com-um-piloto-gratis-vetor.jpg
484,https://static.vecteezy.com/ti/vetor-gratis/p1/6768382-a-formula-um-carro-de-corrida-com-um-piloto-gratis-vetor.jpg
485,https://upload.wikimedia.org/wikipedia/commons/7/7f/Bordeu_-_El_Gr%C3%A1fico_2444.jpg
486,https://static.vecteezy.com/ti/vetor-gratis/p1/6768382-a-formula-um-carro-de-corrida-com-um-piloto-gratis-vetor.jpg
487,https://upload.wikimedia.org/wikipedia/en/3/3d/Massimo_Natili.jpg
488,https://upload.wikimedia.org/wikipedia/commons/f/f3/Peter_Monteverdi-1.jpg
489,https://upload.wikimedia.org/wikipedia/commons/b/b5/Renato_Pirocchi_-_VII_Gran_Premio_di_Modena_F1_1961.jpg
490,https://upload.wikimedia.org/wikipedia/commons/d/d4/Geoff_Duke_%281951%29.jpg
491,https://upload.wikimedia.org/wikipedia/commons/6/66/Walkiria-Terradura-Alfonso_Thiele.jpg
492,https://static.vecteezy.com/ti/vetor-gratis/p1/6768382-a-formula-um-carro-de-corrida-com-um-piloto-gratis-vetor.jpg
493,https://upload.wikimedia.org/wikipedia/commons/9/96/1962-03-24_Sebring_Dino_248_SP_0806_Fulp_Ryan.jpg
494,https://upload.wikimedia.org/wikipedia/commons/b/b3/Lloyd_Ruby_%282534355548%29.jpg
495,https://upload.wikimedia.org/wikipedia/en/4/4c/Kenneth_Henry_Miles.jpg
496,https://static.vecteezy.com/ti/vetor-gratis/p1/6768382-a-formula-um-carro-de-corrida-com-um-piloto-gratis-vetor.jpg
497,https://upload.wikimedia.org/wikipedia/commons/d/dd/Jorge_Rodr%C3%ADguez_Larreta_-_El_Gr%C3%A1fico_2001.jpg
498,https://upload.wikimedia.org/wikipedia/commons/5/51/Jos%C3%A9_Froil%C3%A1n_Gonz%C3%A1lez_1950.jpg
499,https://upload.wikimedia.org/wikipedia/commons/7/78/Roberto_Bonomi_-_El_Gr%C3%A1fico_1751.jpg
500,https://static.vecteezy.com/ti/vetor-gratis/p1/6768382-a-formula-um-carro-de-corrida-com-um-piloto-gratis-vetor.jpg
501,https://upload.wikimedia.org/wikipedia/en/3/32/Harry_Schell_Sebring_1959.jpg
502,https://upload.wikimedia.org/wikipedia/commons/3/39/Alan_Stacey_1960.jpg
503,https://static.vecteezy.com/ti/vetor-gratis/p1/6768382-a-formula-um-carro-de-corrida-com-um-piloto-gratis-vetor.jpg
504,https://static.vecteezy.com/ti/vetor-gratis/p1/6768382-a-formula-um-carro-de-corrida-com-um-piloto-gratis-vetor.jpg
505,https://static.vecteezy.com/ti/vetor-gratis/p1/6768382-a-formula-um-carro-de-corrida-com-um-piloto-gratis-vetor.jpg
506,https://static.vecteezy.com/ti/vetor-gratis/p1/6768382-a-formula-um-carro-de-corrida-com-um-piloto-gratis-vetor.jpg
507,https://static.vecteezy.com/ti/vetor-gratis/p1/6768382-a-formula-um-carro-de-corrida-com-um-piloto-gratis-vetor.jpg
508,https://static.vecteezy.com/ti/vetor-gratis/p1/6768382-a-formula-um-carro-de-corrida-com-um-piloto-gratis-vetor.jpg
509,https://static.vecteezy.com/ti/vetor-gratis/p1/6768382-a-formula-um-carro-de-corrida-com-um-piloto-gratis-vetor.jpg
510,https://static.vecteezy.com/ti/vetor-gratis/p1/6768382-a-formula-um-carro-de-corrida-com-um-piloto-gratis-vetor.jpg
511,https://static.vecteezy.com/ti/vetor-gratis/p1/6768382-a-formula-um-carro-de-corrida-com-um-piloto-gratis-vetor.jpg
512,https://static.vecteezy.com/ti/vetor-gratis/p1/6768382-a-formula-um-carro-de-corrida-com-um-piloto-gratis-vetor.jpg
513,https://static.vecteezy.com/ti/vetor-gratis/p1/6768382-a-formula-um-carro-de-corrida-com-um-piloto-gratis-vetor.jpg
514,https://static.vecteezy.com/ti/vetor-gratis/p1/6768382-a-formula-um-carro-de-corrida-com-um-piloto-gratis-vetor.jpg
515,https://static.vecteezy.com/ti/vetor-gratis/p1/6768382-a-formula-um-carro-de-corrida-com-um-piloto-gratis-vetor.jpg
516,https://static.vecteezy.com/ti/vetor-gratis/p1/6768382-a-formula-um-carro-de-corrida-com-um-piloto-gratis-vetor.jpg
517,https://static.vecteezy.com/ti/vetor-gratis/p1/6768382-a-formula-um-carro-de-corrida-com-um-piloto-gratis-vetor.jpg
518,https://static.vecteezy.com/ti/vetor-gratis/p1/6768382-a-formula-um-carro-de-corrida-com-um-piloto-gratis-vetor.jpg
519,https://static.vecteezy.com/ti/vetor-gratis/p1/6768382-a-formula-um-carro-de-corrida-com-um-piloto-gratis-vetor.jpg
520,https://static.vecteezy.com/ti/vetor-gratis/p1/6768382-a-formula-um-carro-de-corrida-com-um-piloto-gratis-vetor.jpg
521,https://upload.wikimedia.org/wikipedia/commons/7/72/Chuck_Stevenson_1952cr.jpg
522,https://static.vecteezy.com/ti/vetor-gratis/p1/6768382-a-formula-um-carro-de-corrida-com-um-piloto-gratis-vetor.jpg
523,https://static.vecteezy.com/ti/vetor-gratis/p1/6768382-a-formula-um-carro-de-corrida-com-um-piloto-gratis-vetor.jpg
524,https://upload.wikimedia.org/wikipedia/commons/3/39/Jim_Hurtubise.jpg
525,https://upload.wikimedia.org/wikipedia/en/7/73/Portrait_of_Jimmy_Bryan.jpg
526,https://upload.wikimedia.org/wikipedia/commons/8/8b/Troy_Ruttman_1951.jpg
527,https://upload.wikimedia.org/wikipedia/commons/f/fb/American_Red_Ball_Halibrand_Ford_front_view_Honda_Collection_Hall.jpg
528,https://upload.wikimedia.org/wikipedia/commons/6/6f/Don_Freeland_1953_%28cropped%29.jpg
529,https://upload.wikimedia.org/wikipedia/commons/1/15/Tony_Bettenhausen_circa_1952.jpg
530,https://static.vecteezy.com/ti/vetor-gratis/p1/6768382-a-formula-um-carro-de-corrida-com-um-piloto-gratis-vetor.jpg
531,https://upload.wikimedia.org/wikipedia/commons/6/62/AJ_Foyt_at_Foyt_Wine_Vault_-_2015_-_Sarah_Stierch_2.jpg
532,https://static.vecteezy.com/ti/vetor-gratis/p1/6768382-a-formula-um-carro-de-corrida-com-um-piloto-gratis-vetor.jpg
533,https://static.vecteezy.com/ti/vetor-gratis/p1/6768382-a-formula-um-carro-de-corrida-com-um-piloto-gratis-vetor.jpg
534,https://static.vecteezy.com/ti/vetor-gratis/p1/6768382-a-formula-um-carro-de-corrida-com-um-piloto-gratis-vetor.jpg
535,https://static.vecteezy.com/ti/vetor-gratis/p1/6768382-a-formula-um-carro-de-corrida-com-um-piloto-gratis-vetor.jpg
536,https://static.vecteezy.com/ti/vetor-gratis/p1/6768382-a-formula-um-carro-de-corrida-com-um-piloto-gratis-vetor.jpg
537,https://upload.wikimedia.org/wikipedia/commons/1/1e/Dick_Rathmann_USAC_circa_1957.jpg
538,https://static.vecteezy.com/ti/vetor-gratis/p1/6768382-a-formula-um-carro-de-corrida-com-um-piloto-gratis-vetor.jpg
539,https://static.vecteezy.com/ti/vetor-gratis/p1/6768382-a-formula-um-carro-de-corrida-com-um-piloto-gratis-vetor.jpg
540,https://static.vecteezy.com/ti/vetor-gratis/p1/6768382-a-formula-um-carro-de-corrida-com-um-piloto-gratis-vetor.jpg
541,https://static.vecteezy.com/ti/vetor-gratis/p1/6768382-a-formula-um-carro-de-corrida-com-um-piloto-gratis-vetor.jpg
542,https://static.vecteezy.com/ti/vetor-gratis/p1/6768382-a-formula-um-carro-de-corrida-com-um-piloto-gratis-vetor.jpg
543,https://upload.wikimedia.org/wikipedia/commons/d/d7/Giulio_Cabianca_in_an_OSCA_%28cropped%29.jpg
544,https://upload.wikimedia.org/wikipedia/commons/e/e8/1962_ASA_1000_GTC_Drogo_Bizzarini.jpg
545,https://upload.wikimedia.org/wikipedia/commons/a/a9/Fred_Gamble_-_1961_U.S._National_Championship.png
546,https://static.vecteezy.com/ti/vetor-gratis/p1/6768382-a-formula-um-carro-de-corrida-com-um-piloto-gratis-vetor.jpg
547,https://static.vecteezy.com/ti/vetor-gratis/p1/6768382-a-formula-um-carro-de-corrida-com-um-piloto-gratis-vetor.jpg
548,https://static.vecteezy.com/ti/vetor-gratis/p1/6768382-a-formula-um-carro-de-corrida-com-um-piloto-gratis-vetor.jpg
549,https://upload.wikimedia.org/wikipedia/en/3/30/Ivor-bueb-4_resize.jpg
550,https://static.vecteezy.com/ti/vetor-gratis/p1/6768382-a-formula-um-carro-de-corrida-com-um-piloto-gratis-vetor.jpg
551,https://upload.wikimedia.org/wikipedia/commons/8/88/Maria_Teresa_de_Filippis_%28cropped%29.jpg
552,https://static.vecteezy.com/ti/vetor-gratis/p1/6768382-a-formula-um-carro-de-corrida-com-um-piloto-gratis-vetor.jpg
553,https://static.vecteezy.com/ti/vetor-gratis/p1/6768382-a-formula-um-carro-de-corrida-com-um-piloto-gratis-vetor.jpg
554,https://upload.wikimedia.org/wikipedia/commons/3/3e/Jean_Behra_-_El_Gr%C3%A1fico_1953.jpg
555,https://upload.wikimedia.org/wikipedia/commons/8/81/Paul_Russo_1947.jpg
556,https://static.vecteezy.com/ti/vetor-gratis/p1/6768382-a-formula-um-carro-de-corrida-com-um-piloto-gratis-vetor.jpg
557,https://static.vecteezy.com/ti/vetor-gratis/p1/6768382-a-formula-um-carro-de-corrida-com-um-piloto-gratis-vetor.jpg
558,https://static.vecteezy.com/ti/vetor-gratis/p1/6768382-a-formula-um-carro-de-corrida-com-um-piloto-gratis-vetor.jpg
559,https://static.vecteezy.com/ti/vetor-gratis/p1/6768382-a-formula-um-carro-de-corrida-com-um-piloto-gratis-vetor.jpg
560,https://static.vecteezy.com/ti/vetor-gratis/p1/6768382-a-formula-um-carro-de-corrida-com-um-piloto-gratis-vetor.jpg
561,https://upload.wikimedia.org/wikipedia/commons/f/f8/Ray_Crawford_1949_%28cropped%29.jpg
562,https://static.vecteezy.com/ti/vetor-gratis/p1/6768382-a-formula-um-carro-de-corrida-com-um-piloto-gratis-vetor.jpg
563,https://static.vecteezy.com/ti/vetor-gratis/p1/6768382-a-formula-um-carro-de-corrida-com-um-piloto-gratis-vetor.jpg
564,https://static.vecteezy.com/ti/vetor-gratis/p1/6768382-a-formula-um-carro-de-corrida-com-um-piloto-gratis-vetor.jpg
565,https://static.vecteezy.com/ti/vetor-gratis/p1/6768382-a-formula-um-carro-de-corrida-com-um-piloto-gratis-vetor.jpg
566,https://upload.wikimedia.org/wikipedia/commons/a/a3/1958-03-28_Sebring_Aston_DBR1-1_Shelby.jpg
567,https://static.vecteezy.com/ti/vetor-gratis/p1/6768382-a-formula-um-carro-de-corrida-com-um-piloto-gratis-vetor.jpg
568,https://static.vecteezy.com/ti/vetor-gratis/p1/6768382-a-formula-um-carro-de-corrida-com-um-piloto-gratis-vetor.jpg
569,https://upload.wikimedia.org/wikipedia/commons/f/f0/1956-08-26_Karlskoga_WINNER_Lotus_IX_Ashdown.jpg
570,https://static.vecteezy.com/ti/vetor-gratis/p1/6768382-a-formula-um-carro-de-corrida-com-um-piloto-gratis-vetor.jpg
571,https://static.vecteezy.com/ti/vetor-gratis/p1/6768382-a-formula-um-carro-de-corrida-com-um-piloto-gratis-vetor.jpg
572,https://static.vecteezy.com/ti/vetor-gratis/p1/6768382-a-formula-um-carro-de-corrida-com-um-piloto-gratis-vetor.jpg
573,https://upload.wikimedia.org/wikipedia/commons/9/95/Alejandro_detomaso.jpg
574,https://static.vecteezy.com/ti/vetor-gratis/p1/6768382-a-formula-um-carro-de-corrida-com-um-piloto-gratis-vetor.jpg
575,https://upload.wikimedia.org/wikipedia/commons/e/e7/Trainingsdag_sportwagenraces_Zandvoort_Amerikaan._Boris_%27Bob_Said_bij_zijn_Ferr%E2%80%A6%2C_Bestanddeelnr_906-6631_%28cropped%29.jpg
576,https://static.vecteezy.com/ti/vetor-gratis/p1/6768382-a-formula-um-carro-de-corrida-com-um-piloto-gratis-vetor.jpg
577,https://upload.wikimedia.org/wikipedia/commons/8/8b/Luigi_Musso.jpg
578,https://upload.wikimedia.org/wikipedia/en/9/99/Mike_Hawthorn.jpg
579,https://upload.wikimedia.org/wikipedia/commons/2/20/Fangio_in_1955_%28cropped%29.jpg
580,https://static.vecteezy.com/ti/vetor-gratis/p1/6768382-a-formula-um-carro-de-corrida-com-um-piloto-gratis-vetor.jpg
581,https://upload.wikimedia.org/wikipedia/commons/5/50/Fangio_chases_Collins_Nurburgring_1957.jpg
582,https://upload.wikimedia.org/wikipedia/commons/5/55/Ken_Kavanagh_1.jpg
583,https://static.vecteezy.com/ti/vetor-gratis/p1/6768382-a-formula-um-carro-de-corrida-com-um-piloto-gratis-vetor.jpg
584,https://static.vecteezy.com/ti/vetor-gratis/p1/6768382-a-formula-um-carro-de-corrida-com-um-piloto-gratis-vetor.jpg
585,https://static.vecteezy.com/ti/vetor-gratis/p1/6768382-a-formula-um-carro-de-corrida-com-um-piloto-gratis-vetor.jpg
586,https://static.vecteezy.com/ti/vetor-gratis/p1/6768382-a-formula-um-carro-de-corrida-com-um-piloto-gratis-vetor.jpg
587,https://upload.wikimedia.org/wikipedia/commons/2/28/Bernie_Ecclestone_2012_Bahrain_%28cropped%29.jpg
588,https://upload.wikimedia.org/wikipedia/commons/2/26/Luigi_Taramazzo_Targa_Florio_1965.jpg
589,https://upload.wikimedia.org/wikipedia/commons/d/d8/Louis_Chiron_1931bw.jpg
590,https://upload.wikimedia.org/wikipedia/en/e/e5/Stuart_Lewis-Evans_1958_Italian_Grand_Prix.jpg
591,https://upload.wikimedia.org/wikipedia/commons/4/4a/Grave_of_George_R._Amick_%281924%E2%80%931959%29_at_Crown_Hill_Cemetery%2C_Indianapolis.jpg
592,https://static.vecteezy.com/ti/vetor-gratis/p1/6768382-a-formula-um-carro-de-corrida-com-um-piloto-gratis-vetor.jpg
593,https://upload.wikimedia.org/wikipedia/commons/a/a8/Johnnie_Parsons_USAC_circa_1957.jpg
594,https://upload.wikimedia.org/wikipedia/commons/2/28/Johnnie_Tolan_1950_%28cropped%29.jpg
595,https://static.vecteezy.com/ti/vetor-gratis/p1/6768382-a-formula-um-carro-de-corrida-com-um-piloto-gratis-vetor.jpg
596,https://static.vecteezy.com/ti/vetor-gratis/p1/6768382-a-formula-um-carro-de-corrida-com-um-piloto-gratis-vetor.jpg
597,https://static.vecteezy.com/ti/vetor-gratis/p1/6768382-a-formula-um-carro-de-corrida-com-um-piloto-gratis-vetor.jpg
598,https://static.vecteezy.com/ti/vetor-gratis/p1/6768382-a-formula-um-carro-de-corrida-com-um-piloto-gratis-vetor.jpg
599,https://static.vecteezy.com/ti/vetor-gratis/p1/6768382-a-formula-um-carro-de-corrida-com-um-piloto-gratis-vetor.jpg
600,https://static.vecteezy.com/ti/vetor-gratis/p1/6768382-a-formula-um-carro-de-corrida-com-um-piloto-gratis-vetor.jpg
601,https://static.vecteezy.com/ti/vetor-gratis/p1/6768382-a-formula-um-carro-de-corrida-com-um-piloto-gratis-vetor.jpg
602,https://upload.wikimedia.org/wikipedia/en/1/1a/Robert_La_Caze.jpg
603,https://upload.wikimedia.org/wikipedia/commons/5/50/Comit%C3%A9_d%27organisation_du_Grand_Prix_d%27Agadir%2C_1953_%28Andr%C3%A9_Guelfi%29.jpg
604,https://static.vecteezy.com/ti/vetor-gratis/p1/6768382-a-formula-um-carro-de-corrida-com-um-piloto-gratis-vetor.jpg
605,https://static.vecteezy.com/ti/vetor-gratis/p1/6768382-a-formula-um-carro-de-corrida-com-um-piloto-gratis-vetor.jpg
606,https://upload.wikimedia.org/wikipedia/commons/1/16/Alfonso%2C_Marquess_of_Portago.jpg
607,https://upload.wikimedia.org/wikipedia/en/f/f6/Portrait_of_Cesare_Perdisa.jpg
608,https://upload.wikimedia.org/wikipedia/commons/7/75/Eugenio_Castellotti.jpg
609,https://static.vecteezy.com/ti/vetor-gratis/p1/6768382-a-formula-um-carro-de-corrida-com-um-piloto-gratis-vetor.jpg
610,https://static.vecteezy.com/ti/vetor-gratis/p1/6768382-a-formula-um-carro-de-corrida-com-um-piloto-gratis-vetor.jpg
611,https://upload.wikimedia.org/wikipedia/commons/4/4c/Sam_Hanks_USAC_circa_1957.jpg
612,https://static.vecteezy.com/ti/vetor-gratis/p1/6768382-a-formula-um-carro-de-corrida-com-um-piloto-gratis-vetor.jpg
613,https://upload.wikimedia.org/wikipedia/commons/4/49/Marshall_Teague_USAC_circa_1957.jpg
614,https://static.vecteezy.com/ti/vetor-gratis/p1/6768382-a-formula-um-carro-de-corrida-com-um-piloto-gratis-vetor.jpg
615,https://upload.wikimedia.org/wikipedia/commons/8/85/Fred_Agabashian_1953_%28cropped%29.jpg
616,https://static.vecteezy.com/ti/vetor-gratis/p1/6768382-a-formula-um-carro-de-corrida-com-um-piloto-gratis-vetor.jpg
617,https://static.vecteezy.com/ti/vetor-gratis/p1/6768382-a-formula-um-carro-de-corrida-com-um-piloto-gratis-vetor.jpg
618,https://static.vecteezy.com/ti/vetor-gratis/p1/6768382-a-formula-um-carro-de-corrida-com-um-piloto-gratis-vetor.jpg
619,https://upload.wikimedia.org/wikipedia/en/c/c4/Portrait_of_Bob_Gerard.jpg
620,https://upload.wikimedia.org/wikipedia/commons/4/41/Umberto_Maglioli.jpg
621,https://static.vecteezy.com/ti/vetor-gratis/p1/6768382-a-formula-um-carro-de-corrida-com-um-piloto-gratis-vetor.jpg
622,https://static.vecteezy.com/ti/vetor-gratis/p1/6768382-a-formula-um-carro-de-corrida-com-um-piloto-gratis-vetor.jpg
623,https://static.vecteezy.com/ti/vetor-gratis/p1/6768382-a-formula-um-carro-de-corrida-com-um-piloto-gratis-vetor.jpg
624,https://static.vecteezy.com/ti/vetor-gratis/p1/6768382-a-formula-um-carro-de-corrida-com-um-piloto-gratis-vetor.jpg
625,https://static.vecteezy.com/ti/vetor-gratis/p1/6768382-a-formula-um-carro-de-corrida-com-um-piloto-gratis-vetor.jpg
626,https://static.vecteezy.com/ti/vetor-gratis/p1/6768382-a-formula-um-carro-de-corrida-com-um-piloto-gratis-vetor.jpg
627,https://upload.wikimedia.org/wikipedia/en/7/7e/Louis_Rosier.jpg
628,https://static.vecteezy.com/ti/vetor-gratis/p1/6768382-a-formula-um-carro-de-corrida-com-um-piloto-gratis-vetor.jpg
629,https://static.vecteezy.com/ti/vetor-gratis/p1/6768382-a-formula-um-carro-de-corrida-com-um-piloto-gratis-vetor.jpg
630,https://static.vecteezy.com/ti/vetor-gratis/p1/6768382-a-formula-um-carro-de-corrida-com-um-piloto-gratis-vetor.jpg
631,https://static.vecteezy.com/ti/vetor-gratis/p1/6768382-a-formula-um-carro-de-corrida-com-um-piloto-gratis-vetor.jpg
632,https://upload.wikimedia.org/wikipedia/commons/5/56/2003-04-26_Paul_Fr%C3%A8re_Cfs.JPG
633,https://upload.wikimedia.org/wikipedia/commons/d/dd/Luis_Villoresi_-_El_Gr%C3%A1fico_1442.jpg
634,https://upload.wikimedia.org/wikipedia/commons/f/fe/1952-08-31_Maloja_Ferrari_340_0196A_Scotti.jpg
635,https://upload.wikimedia.org/wikipedia/commons/f/f0/Colin_Chapman_%281965%29.jpg
636,https://static.vecteezy.com/ti/vetor-gratis/p1/6768382-a-formula-um-carro-de-corrida-com-um-piloto-gratis-vetor.jpg
637,https://upload.wikimedia.org/wikipedia/en/e/e0/Archie_Scott_Brown_nonfree.jpg
638,https://static.vecteezy.com/ti/vetor-gratis/p1/6768382-a-formula-um-carro-de-corrida-com-um-piloto-gratis-vetor.jpg
639,https://static.vecteezy.com/ti/vetor-gratis/p1/6768382-a-formula-um-carro-de-corrida-com-um-piloto-gratis-vetor.jpg
640,https://upload.wikimedia.org/wikipedia/commons/7/77/Toulo_de_Graffenried.gif
641,https://upload.wikimedia.org/wikipedia/commons/8/8e/Piero_Taruffi.jpg
642,https://upload.wikimedia.org/wikipedia/commons/d/d0/Giuseppe_Farina_-_El_Gr%C3%A1fico_1750.jpg
643,https://upload.wikimedia.org/wikipedia/commons/2/23/Roberto_Mieres_-_El_Gr%C3%A1fico_1770.jpg
644,https://upload.wikimedia.org/wikipedia/commons/4/44/SergioMantovani-AlfaRomeo.png
645,https://upload.wikimedia.org/wikipedia/commons/f/f3/Clemar_Bucci.jpg
646,https://static.vecteezy.com/ti/vetor-gratis/p1/6768382-a-formula-um-carro-de-corrida-com-um-piloto-gratis-vetor.jpg
647,https://upload.wikimedia.org/wikipedia/commons/d/dd/D50_003.jpg
648,https://upload.wikimedia.org/wikipedia/commons/a/ad/Karl_Kling_El_Gr%C3%A1fico.jpg
649,https://upload.wikimedia.org/wikipedia/commons/1/1b/Pablo_Birger_-_El_Gr%C3%A1fico_1706.jpg
650,https://static.vecteezy.com/ti/vetor-gratis/p1/6768382-a-formula-um-carro-de-corrida-com-um-piloto-gratis-vetor.jpg
651,https://upload.wikimedia.org/wikipedia/en/6/6a/300_lance-macklin.jpg
652,https://upload.wikimedia.org/wikipedia/commons/9/91/Ted_Whiteaway.jpg
653,https://static.vecteezy.com/ti/vetor-gratis/p1/6768382-a-formula-um-carro-de-corrida-com-um-piloto-gratis-vetor.jpg
654,https://upload.wikimedia.org/wikipedia/commons/2/2b/Walt_Faulkner_circa_1948.jpg
655,https://static.vecteezy.com/ti/vetor-gratis/p1/6768382-a-formula-um-carro-de-corrida-com-um-piloto-gratis-vetor.jpg
656,https://static.vecteezy.com/ti/vetor-gratis/p1/6768382-a-formula-um-carro-de-corrida-com-um-piloto-gratis-vetor.jpg
657,https://upload.wikimedia.org/wikipedia/commons/c/c3/Bill_Vukovich_1951.jpg
658,https://upload.wikimedia.org/wikipedia/commons/4/44/Jack_McGrath_1951.jpg
659,https://static.vecteezy.com/ti/vetor-gratis/p1/6768382-a-formula-um-carro-de-corrida-com-um-piloto-gratis-vetor.jpg
660,https://upload.wikimedia.org/wikipedia/commons/8/84/Talbot_F1_vr_yellow_EMS.jpg
661,https://static.vecteezy.com/ti/vetor-gratis/p1/6768382-a-formula-um-carro-de-corrida-com-um-piloto-gratis-vetor.jpg
662,https://upload.wikimedia.org/wikipedia/commons/1/16/1955-02-27_Agadir_WINNER_Ferrari_750_0504M_Mike_Sparken.jpg
663,https://static.vecteezy.com/ti/vetor-gratis/p1/6768382-a-formula-um-carro-de-corrida-com-um-piloto-gratis-vetor.jpg
664,https://static.vecteezy.com/ti/vetor-gratis/p1/6768382-a-formula-um-carro-de-corrida-com-um-piloto-gratis-vetor.jpg
665,https://upload.wikimedia.org/wikipedia/commons/9/9f/Leslie_Marr_with_painting_2019_%28cropped%29.jpg
666,https://upload.wikimedia.org/wikipedia/commons/b/b3/Autoraces_te_Zandvoort._Tony_Rolt_met_zijn_Alfa_Romeo_onderaan_de_Hunzerug%2C_Bestanddeelnr_902-9012.jpg
667,https://upload.wikimedia.org/wikipedia/commons/d/d5/Cunningham_C4R.JPG
668,https://static.vecteezy.com/ti/vetor-gratis/p1/6768382-a-formula-um-carro-de-corrida-com-um-piloto-gratis-vetor.jpg
669,https://upload.wikimedia.org/wikipedia/commons/d/dc/Air_cadets_learn_the_basics_of_flight_at_RNAS_St_Merryn_in_Cornwall%2C_February_1944._A22064-croponBirabongse_Bhanudej.jpg
670,https://upload.wikimedia.org/wikipedia/commons/1/19/Onofre_Marim%C3%B3n_-_El_Gr%C3%A1fico_1708.jpg
671,https://upload.wikimedia.org/wikipedia/commons/c/c5/Roger_Loyer_sur_Porsche_spyder_550%2C_en_1956.jpg
672,https://static.vecteezy.com/ti/vetor-gratis/p1/6768382-a-formula-um-carro-de-corrida-com-um-piloto-gratis-vetor.jpg
673,https://static.vecteezy.com/ti/vetor-gratis/p1/6768382-a-formula-um-carro-de-corrida-com-um-piloto-gratis-vetor.jpg
674,https://static.vecteezy.com/ti/vetor-gratis/p1/6768382-a-formula-um-carro-de-corrida-com-um-piloto-gratis-vetor.jpg
675,https://upload.wikimedia.org/wikipedia/commons/a/ae/Manny_Ayulo_1953.jpg
676,https://static.vecteezy.com/ti/vetor-gratis/p1/6768382-a-formula-um-carro-de-corrida-com-um-piloto-gratis-vetor.jpg
677,https://static.vecteezy.com/ti/vetor-gratis/p1/6768382-a-formula-um-carro-de-corrida-com-um-piloto-gratis-vetor.jpg
678,https://static.vecteezy.com/ti/vetor-gratis/p1/6768382-a-formula-um-carro-de-corrida-com-um-piloto-gratis-vetor.jpg
679,https://static.vecteezy.com/ti/vetor-gratis/p1/6768382-a-formula-um-carro-de-corrida-com-um-piloto-gratis-vetor.jpg
680,https://upload.wikimedia.org/wikipedia/commons/5/5f/Jacques_Swaters_1980.jpg
681,https://static.vecteezy.com/ti/vetor-gratis/p1/6768382-a-formula-um-carro-de-corrida-com-um-piloto-gratis-vetor.jpg
682,https://static.vecteezy.com/ti/vetor-gratis/p1/6768382-a-formula-um-carro-de-corrida-com-um-piloto-gratis-vetor.jpg
683,https://static.vecteezy.com/ti/vetor-gratis/p1/6768382-a-formula-um-carro-de-corrida-com-um-piloto-gratis-vetor.jpg
684,https://static.vecteezy.com/ti/vetor-gratis/p1/6768382-a-formula-um-carro-de-corrida-com-um-piloto-gratis-vetor.jpg
685,https://static.vecteezy.com/ti/vetor-gratis/p1/6768382-a-formula-um-carro-de-corrida-com-um-piloto-gratis-vetor.jpg
686,https://upload.wikimedia.org/wikipedia/commons/7/72/Autoraces_te_Zandvoort%2C_Bestanddeelnr_902-9002.jpg
687,https://upload.wikimedia.org/wikipedia/commons/3/38/ERA_of_Peter_Whitehead%2C_1938_AGP.jpg
688,https://static.vecteezy.com/ti/vetor-gratis/p1/6768382-a-formula-um-carro-de-corrida-com-um-piloto-gratis-vetor.jpg
689,https://static.vecteezy.com/ti/vetor-gratis/p1/6768382-a-formula-um-carro-de-corrida-com-um-piloto-gratis-vetor.jpg
690,https://static.vecteezy.com/ti/vetor-gratis/p1/6768382-a-formula-um-carro-de-corrida-com-um-piloto-gratis-vetor.jpg
691,https://upload.wikimedia.org/wikipedia/commons/5/5b/Hermann_Lang_El_Gr%C3%A1fico.jpg
692,https://upload.wikimedia.org/wikipedia/commons/2/20/Fotothek_df_roe-neg_0006640_013_Portrait_eines_Automobilrennfahrers_in_seinem_Wa.jpg
693,https://upload.wikimedia.org/wikipedia/commons/1/19/Cunningham_C2-R_no_5103%2C_front_right_%28Greenwich_2018%29.jpg
694,https://static.vecteezy.com/ti/vetor-gratis/p1/6768382-a-formula-um-carro-de-corrida-com-um-piloto-gratis-vetor.jpg
695,https://static.vecteezy.com/ti/vetor-gratis/p1/6768382-a-formula-um-carro-de-corrida-com-um-piloto-gratis-vetor.jpg
696,https://static.vecteezy.com/ti/vetor-gratis/p1/6768382-a-formula-um-carro-de-corrida-com-um-piloto-gratis-vetor.jpg
697,https://upload.wikimedia.org/wikipedia/commons/d/d4/Portrait_of_Felice_Bonetto_%28cropped%29.jpg
698,https://upload.wikimedia.org/wikipedia/commons/4/40/Adolfo_Schwelm-Cruz_1952.jpg
699,https://upload.wikimedia.org/wikipedia/commons/0/01/Duke_Nalon_1951.jpg
700,https://static.vecteezy.com/ti/vetor-gratis/p1/6768382-a-formula-um-carro-de-corrida-com-um-piloto-gratis-vetor.jpg
701,https://upload.wikimedia.org/wikipedia/commons/8/86/Bill_Holland_and_Linda_Darnell_1949_Indianapolis_500_%28cropped%29.jpg
702,https://upload.wikimedia.org/wikipedia/commons/7/77/Bob_Scott_1954.jpg
703,https://static.vecteezy.com/ti/vetor-gratis/p1/6768382-a-formula-um-carro-de-corrida-com-um-piloto-gratis-vetor.jpg
704,https://upload.wikimedia.org/wikipedia/commons/b/b1/Yves_Giraud-Cabantous_vainqueur_du_Championnat_automobile_des_Aviateurs%2C_en_juin_1929_%28et_madame%29.jpg
705,https://static.vecteezy.com/ti/vetor-gratis/p1/6768382-a-formula-um-carro-de-corrida-com-um-piloto-gratis-vetor.jpg
706,https://static.vecteezy.com/ti/vetor-gratis/p1/6768382-a-formula-um-carro-de-corrida-com-um-piloto-gratis-vetor.jpg
707,https://upload.wikimedia.org/wikipedia/commons/a/ae/Stewart_Ian_Gordon_Highlanders.jpg
708,https://upload.wikimedia.org/wikipedia/commons/e/ef/1953JaguarC-Type.jpg
709,https://upload.wikimedia.org/wikipedia/commons/0/05/Klodwig-BMW.jpg
710,https://static.vecteezy.com/ti/vetor-gratis/p1/6768382-a-formula-um-carro-de-corrida-com-um-piloto-gratis-vetor.jpg
711,https://static.vecteezy.com/ti/vetor-gratis/p1/6768382-a-formula-um-carro-de-corrida-com-um-piloto-gratis-vetor.jpg
712,https://static.vecteezy.com/ti/vetor-gratis/p1/6768382-a-formula-um-carro-de-corrida-com-um-piloto-gratis-vetor.jpg
713,https://static.vecteezy.com/ti/vetor-gratis/p1/6768382-a-formula-um-carro-de-corrida-com-um-piloto-gratis-vetor.jpg
714,https://upload.wikimedia.org/wikipedia/en/9/90/Kurt_Adolff.png
715,https://upload.wikimedia.org/wikipedia/commons/a/a4/Bechem_AFM_Norisring_1951.jpg
716,https://static.vecteezy.com/ti/vetor-gratis/p1/6768382-a-formula-um-carro-de-corrida-com-um-piloto-gratis-vetor.jpg
717,https://upload.wikimedia.org/wikipedia/commons/6/63/Bundesarchiv_Bild_102-08188%2C_Hans_von_Stuck.jpg
718,https://upload.wikimedia.org/wikipedia/commons/f/f8/Veritas_RS_2000ccm135PS_1948.JPG
719,https://static.vecteezy.com/ti/vetor-gratis/p1/6768382-a-formula-um-carro-de-corrida-com-um-piloto-gratis-vetor.jpg
720,https://static.vecteezy.com/ti/vetor-gratis/p1/6768382-a-formula-um-carro-de-corrida-com-um-piloto-gratis-vetor.jpg
721,https://static.vecteezy.com/ti/vetor-gratis/p1/6768382-a-formula-um-carro-de-corrida-com-um-piloto-gratis-vetor.jpg
722,https://static.vecteezy.com/ti/vetor-gratis/p1/6768382-a-formula-um-carro-de-corrida-com-um-piloto-gratis-vetor.jpg
723,https://upload.wikimedia.org/wikipedia/en/e/e9/Rudi_Fischer_at_the_1951_Monza_Grand_Prix.jpg
724,https://static.vecteezy.com/ti/vetor-gratis/p1/6768382-a-formula-um-carro-de-corrida-com-um-piloto-gratis-vetor.jpg
725,https://upload.wikimedia.org/wikipedia/commons/0/0b/1950-06-24_Le_Mans_Aston_DB2_LML-50-8_Abecassis_Macklin.jpg
726,https://upload.wikimedia.org/wikipedia/commons/8/80/George_Connor_1933.jpg
727,https://static.vecteezy.com/ti/vetor-gratis/p1/6768382-a-formula-um-carro-de-corrida-com-um-piloto-gratis-vetor.jpg
728,https://upload.wikimedia.org/wikipedia/commons/4/49/Joe_James_qualifies_for_the_1951_Indy_500.jpg
729,https://static.vecteezy.com/ti/vetor-gratis/p1/6768382-a-formula-um-carro-de-corrida-com-um-piloto-gratis-vetor.jpg
730,https://static.vecteezy.com/ti/vetor-gratis/p1/6768382-a-formula-um-carro-de-corrida-com-um-piloto-gratis-vetor.jpg
731,https://upload.wikimedia.org/wikipedia/commons/3/38/Henry_Banks_1951_%283%29.jpg
732,https://static.vecteezy.com/ti/vetor-gratis/p1/6768382-a-formula-um-carro-de-corrida-com-um-piloto-gratis-vetor.jpg
733,https://static.vecteezy.com/ti/vetor-gratis/p1/6768382-a-formula-um-carro-de-corrida-com-um-piloto-gratis-vetor.jpg
734,https://static.vecteezy.com/ti/vetor-gratis/p1/6768382-a-formula-um-carro-de-corrida-com-um-piloto-gratis-vetor.jpg
735,https://static.vecteezy.com/ti/vetor-gratis/p1/6768382-a-formula-um-carro-de-corrida-com-um-piloto-gratis-vetor.jpg
736,https://upload.wikimedia.org/wikipedia/commons/3/32/Ecosse_and_Francorchamps_Jaguar_C-types_Zandvoort_1954_crop.jpg
737,https://static.vecteezy.com/ti/vetor-gratis/p1/6768382-a-formula-um-carro-de-corrida-com-um-piloto-gratis-vetor.jpg
738,https://static.vecteezy.com/ti/vetor-gratis/p1/6768382-a-formula-um-carro-de-corrida-com-um-piloto-gratis-vetor.jpg
739,https://static.vecteezy.com/ti/vetor-gratis/p1/6768382-a-formula-um-carro-de-corrida-com-um-piloto-gratis-vetor.jpg
740,https://upload.wikimedia.org/wikipedia/en/3/3a/Franco_Comotti.jpg
741,https://upload.wikimedia.org/wikipedia/commons/2/2a/Philippe_%C3%89tancelin_at_the_1933_Grand_Prix_de_la_Marne_%28cropped%29.jpg
742,https://upload.wikimedia.org/wikipedia/en/f/f5/Dennis_Poore.JPG
743,https://static.vecteezy.com/ti/vetor-gratis/p1/6768382-a-formula-um-carro-de-corrida-com-um-piloto-gratis-vetor.jpg
744,https://upload.wikimedia.org/wikipedia/commons/8/89/Ken_Downing_cropped.jpg
745,https://static.vecteezy.com/ti/vetor-gratis/p1/6768382-a-formula-um-carro-de-corrida-com-um-piloto-gratis-vetor.jpg
746,https://upload.wikimedia.org/wikipedia/commons/4/43/Gino_Bianco_%281949%29.jpg
747,https://static.vecteezy.com/ti/vetor-gratis/p1/6768382-a-formula-um-carro-de-corrida-com-um-piloto-gratis-vetor.jpg
748,https://static.vecteezy.com/ti/vetor-gratis/p1/6768382-a-formula-um-carro-de-corrida-com-um-piloto-gratis-vetor.jpg
749,https://upload.wikimedia.org/wikipedia/commons/b/be/Aston_Butterworth_NB42_at_Crystal_Palace_2015.jpg
750,https://upload.wikimedia.org/wikipedia/commons/7/79/Adolf_Brudes_im_BMW_328_Mille_Miglia_am_14.08.1976.jpg
751,https://upload.wikimedia.org/wikipedia/commons/4/48/Fritz_Rie%C3%9F.jpg
752,https://static.vecteezy.com/ti/vetor-gratis/p1/6768382-a-formula-um-carro-de-corrida-com-um-piloto-gratis-vetor.jpg
753,https://static.vecteezy.com/ti/vetor-gratis/p1/6768382-a-formula-um-carro-de-corrida-com-um-piloto-gratis-vetor.jpg
754,https://static.vecteezy.com/ti/vetor-gratis/p1/6768382-a-formula-um-carro-de-corrida-com-um-piloto-gratis-vetor.jpg
755,https://static.vecteezy.com/ti/vetor-gratis/p1/6768382-a-formula-um-carro-de-corrida-com-um-piloto-gratis-vetor.jpg
756,https://upload.wikimedia.org/wikipedia/commons/d/d8/1938-05-22_Targa_Florio_Maserati_4CM_Pietsch.jpg
757,https://static.vecteezy.com/ti/vetor-gratis/p1/6768382-a-formula-um-carro-de-corrida-com-um-piloto-gratis-vetor.jpg
758,https://upload.wikimedia.org/wikipedia/commons/5/57/Van_der_Lof%2C_Delahaye_MS_135%2C_Bj_1935_%281977-08-12%29.jpg
759,https://upload.wikimedia.org/wikipedia/commons/f/f1/Majoor_Flinterman%2C_Bestanddeelnr_903-5819.jpg
760,https://upload.wikimedia.org/wikipedia/commons/2/2d/Taruffi-Dusio-Savonuzzi.jpg
761,https://upload.wikimedia.org/wikipedia/commons/8/8d/Alberto_Crespo_-_El_Gr%C3%A1fico_1643.jpg
762,https://static.vecteezy.com/ti/vetor-gratis/p1/6768382-a-formula-um-carro-de-corrida-com-um-piloto-gratis-vetor.jpg
763,https://upload.wikimedia.org/wikipedia/commons/e/ee/Consalvo_Sanesi.jpg
764,https://upload.wikimedia.org/wikipedia/commons/1/11/Guymairesse.jpg
765,https://static.vecteezy.com/ti/vetor-gratis/p1/6768382-a-formula-um-carro-de-corrida-com-um-piloto-gratis-vetor.jpg
766,https://upload.wikimedia.org/wikipedia/commons/3/3a/Leewallard.jpg
767,https://static.vecteezy.com/ti/vetor-gratis/p1/6768382-a-formula-um-carro-de-corrida-com-um-piloto-gratis-vetor.jpg
768,https://upload.wikimedia.org/wikipedia/en/9/9e/Portrait_of_Mauri_Rose.jpg
769,https://static.vecteezy.com/ti/vetor-gratis/p1/6768382-a-formula-um-carro-de-corrida-com-um-piloto-gratis-vetor.jpg
770,https://static.vecteezy.com/ti/vetor-gratis/p1/6768382-a-formula-um-carro-de-corrida-com-um-piloto-gratis-vetor.jpg
771,https://static.vecteezy.com/ti/vetor-gratis/p1/6768382-a-formula-um-carro-de-corrida-com-um-piloto-gratis-vetor.jpg
772,https://upload.wikimedia.org/wikipedia/commons/e/ec/Mack_Hellings_1951.jpg
773,https://upload.wikimedia.org/wikipedia/en/f/f2/Levegh_pierre_resize.jpg
774,https://upload.wikimedia.org/wikipedia/commons/7/75/Eug%C3%A8ne_Chaboud%2C_vainqueur_des_24_heures_du_Mans_1938.jpg
775,https://static.vecteezy.com/ti/vetor-gratis/p1/6768382-a-formula-um-carro-de-corrida-com-um-piloto-gratis-vetor.jpg
776,https://upload.wikimedia.org/wikipedia/commons/3/33/Joe_Kelly_in_Jaguar_C-Type.jpg
777,https://static.vecteezy.com/ti/vetor-gratis/p1/6768382-a-formula-um-carro-de-corrida-com-um-piloto-gratis-vetor.jpg
778,https://static.vecteezy.com/ti/vetor-gratis/p1/6768382-a-formula-um-carro-de-corrida-com-um-piloto-gratis-vetor.jpg
779,https://static.vecteezy.com/ti/vetor-gratis/p1/6768382-a-formula-um-carro-de-corrida-com-um-piloto-gratis-vetor.jpg
780,https://static.vecteezy.com/ti/vetor-gratis/p1/6768382-a-formula-um-carro-de-corrida-com-um-piloto-gratis-vetor.jpg
781,https://static.vecteezy.com/ti/vetor-gratis/p1/6768382-a-formula-um-carro-de-corrida-com-um-piloto-gratis-vetor.jpg
782,https://static.vecteezy.com/ti/vetor-gratis/p1/6768382-a-formula-um-carro-de-corrida-com-um-piloto-gratis-vetor.jpg
783,https://static.vecteezy.com/ti/vetor-gratis/p1/6768382-a-formula-um-carro-de-corrida-com-um-piloto-gratis-vetor.jpg
784,https://static.vecteezy.com/ti/vetor-gratis/p1/6768382-a-formula-um-carro-de-corrida-com-um-piloto-gratis-vetor.jpg
785,https://static.vecteezy.com/ti/vetor-gratis/p1/6768382-a-formula-um-carro-de-corrida-com-um-piloto-gratis-vetor.jpg
786,https://upload.wikimedia.org/wikipedia/commons/b/b3/Luigi_Fagioli_in_his_Maserati_at_the_1932_Targa_Florio_%28cropped%29.jpg
787,https://upload.wikimedia.org/wikipedia/en/b/b2/Portrait_of_Cuth_Harrison.jpg
788,https://static.vecteezy.com/ti/vetor-gratis/p1/6768382-a-formula-um-carro-de-corrida-com-um-piloto-gratis-vetor.jpg
789,https://static.vecteezy.com/ti/vetor-gratis/p1/6768382-a-formula-um-carro-de-corrida-com-um-piloto-gratis-vetor.jpg
790,https://upload.wikimedia.org/wikipedia/commons/c/c3/1952_Nash-Healey_Le_Mans_lightweight_2.JPG
791,https://upload.wikimedia.org/wikipedia/commons/e/ec/1938ClementeBiondetti.jpg
792,https://upload.wikimedia.org/wikipedia/commons/4/47/Alfredo_Pian_-_El_Gr%C3%A1fico_1573.jpg
793,https://upload.wikimedia.org/wikipedia/commons/f/f9/Raymond_Sommer_1932.jpg
794,https://upload.wikimedia.org/wikipedia/en/5/59/JoieChitwoodImage.jpg
795,https://upload.wikimedia.org/wikipedia/commons/6/60/Myron_Fohr_%28circa_1946%29_%281%29.jpg
796,https://static.vecteezy.com/ti/vetor-gratis/p1/6768382-a-formula-um-carro-de-corrida-com-um-piloto-gratis-vetor.jpg
797,https://static.vecteezy.com/ti/vetor-gratis/p1/6768382-a-formula-um-carro-de-corrida-com-um-piloto-gratis-vetor.jpg
798,https://upload.wikimedia.org/wikipedia/commons/f/f6/Bayliss_Levrett_in_Adams_Offenhauser_Palmer_Special%2C_1950_Indianapolis_500.jpg
799,https://static.vecteezy.com/ti/vetor-gratis/p1/6768382-a-formula-um-carro-de-corrida-com-um-piloto-gratis-vetor.jpg
800,https://upload.wikimedia.org/wikipedia/commons/b/b2/Nello_Pagani_wordt_gefeliciteerd_door_G._J._Bruinsman%2C_voorzitter_KNMV%2C_Bestanddeelnr_903-4797.jpg
801,https://upload.wikimedia.org/wikipedia/commons/f/f2/Ferrari_BB_Pozzi.jpg
802,https://upload.wikimedia.org/wikipedia/commons/c/c3/Serafini_1936.jpg
803,https://upload.wikimedia.org/wikipedia/commons/a/a4/Bill_Cantrell_1951.jpg
804,https://upload.wikimedia.org/wikipedia/commons/b/b7/Johnny_Mantz_USAC_circa_1957.jpg
805,https://static.vecteezy.com/ti/vetor-gratis/p1/6768382-a-formula-um-carro-de-corrida-com-um-piloto-gratis-vetor.jpg
806,https://static.vecteezy.com/ti/vetor-gratis/p1/6768382-a-formula-um-carro-de-corrida-com-um-piloto-gratis-vetor.jpg
807,https://upload.wikimedia.org/wikipedia/commons/c/cd/Nico_Hulkenberg_2016_Malaysia.jpg
808,https://upload.wikimedia.org/wikipedia/commons/0/00/Vitaly_Petrov_2010_Malaysia_%28cropped%29.jpg
810,https://upload.wikimedia.org/wikipedia/commons/0/01/TechCrunch_Disrupt_Berlin_2018_%28Day_1%29_08_%28cropped%29.jpg
811,https://upload.wikimedia.org/wikipedia/commons/f/f4/Bruno_Senna_2006_Australian_Grand_Prix-3.jpg
812,https://upload.wikimedia.org/wikipedia/commons/3/32/Karun_Chandhok_Goodwood_Festival_of_Speed_2019_%2848242680701%29.jpg
813,https://upload.wikimedia.org/wikipedia/commons/8/84/Pastor_Maldonado_2011_Malaysia.jpg
814,https://upload.wikimedia.org/wikipedia/commons/a/a2/2014_DTM_HockenheimringII_Paul_di_Resta_by_2eight_8SC5384_%28cropped2%29.jpg
815,https://upload.wikimedia.org/wikipedia/commons/7/7a/Sergio_P%C3%A9rez_2019_%28cropped%29.jpg
816,https://upload.wikimedia.org/wikipedia/commons/4/41/DAmbrosioBerlin_%28cropped%29.jpg
817,https://upload.wikimedia.org/wikipedia/commons/9/96/F12019_Schloss_Gabelhofen_%2818%29.jpg
818,https://upload.wikimedia.org/wikipedia/commons/7/70/Jean-Eric_Vergne_2024_WEC_Fuji.jpg
819,https://upload.wikimedia.org/wikipedia/commons/e/ef/Charles_Pic_Moscow_2013.jpg
820,https://upload.wikimedia.org/wikipedia/commons/f/f8/Max_Chilton_2.jpg
821,https://upload.wikimedia.org/wikipedia/commons/d/df/Esteban_Guti%C3%A9rrez_en_el_Gran_Premio_de_Italia_2019_%28cropped%29.jpg
822,https://upload.wikimedia.org/wikipedia/commons/5/5f/Valtteri_Bottas_at_the_2022_Austrian_Grand_Prix.jpg
823,https://upload.wikimedia.org/wikipedia/commons/b/b7/Giedo_van_der_Garde.jpg
824,https://upload.wikimedia.org/wikipedia/commons/0/03/Jules_Bianchi_2012-1.JPG
825,https://upload.wikimedia.org/wikipedia/commons/6/63/Kevin_Magnussen%2C_2019_Formula_One_Tests_Barcelona_%28cropped%29.jpg
826,https://upload.wikimedia.org/wikipedia/commons/b/b1/Daniil_Kvyat_2024_Suzuka_A2RL.jpg
827,https://upload.wikimedia.org/wikipedia/commons/b/b0/Andre_Lotterer_2024_WEC_Fuji_2.jpg
828,https://upload.wikimedia.org/wikipedia/commons/8/87/Marcus_Ericsson_in_2023.jpg
829,https://upload.wikimedia.org/wikipedia/commons/c/c5/Will_Stevens_2017.jpg
830,https://upload.wikimedia.org/wikipedia/commons/d/db/Max_Verstappen_2015_Malaysia_Q2.jpg
831,https://upload.wikimedia.org/wikipedia/commons/c/c8/Piloto_Felipe_Nasr_fala_%C3%A0_imprensa_ap%C3%B3s_encontro_com_Temer_%2828412246304%29_%28cropped%29.jpg
832,https://upload.wikimedia.org/wikipedia/commons/c/ce/Formula1Gabelhofen2022_%2804%29_%28cropped2%29.jpg
833,https://upload.wikimedia.org/wikipedia/commons/d/d5/Formel3_DallaraF308_Merhi09_amk.jpg
834,https://upload.wikimedia.org/wikipedia/commons/4/45/Andretti_Autosport_Visit_180405-F-KS667-0012_%28cropped%29.jpg
835,https://upload.wikimedia.org/wikipedia/commons/6/6c/Jolyon_Palmer_2016_Malaysia.jpg
836,https://upload.wikimedia.org/wikipedia/commons/8/8e/2014_DTM_HockenheimringII_Pascal_Wehrlein_by_2eight_8SC4654.jpg
837,https://upload.wikimedia.org/wikipedia/commons/6/6a/Rio_Haryanto_2016_paddock.jpg
838,https://upload.wikimedia.org/wikipedia/commons/c/c7/Daniil_Kvyat_Moscow_Raceway_%28cropped%29.jpg
839,https://upload.wikimedia.org/wikipedia/commons/b/b9/FIA_F1_Austria_2022_Drivers_Parade_%281%29_%28Ocon_crop%29.jpg
840,https://upload.wikimedia.org/wikipedia/commons/4/4e/2025_Japan_GP_-_Aston_Martin_-_Lance_Stroll_-_Fanzone_Stage_%28cropped%29.jpg
841,https://upload.wikimedia.org/wikipedia/commons/9/91/Antonio_Giovinazzi_-_Ferrari_499P_-_Hybrid_during_the_pitwalk_at_the_2023_Le_Mans_%2853468237574%29.jpg
843,https://upload.wikimedia.org/wikipedia/commons/c/ca/Brendon_Hartley_2024_WEC_Fuji.jpg
844,https://upload.wikimedia.org/wikipedia/en/9/9e/Charles_Leclerc_Max_Verstappen.png
845,https://upload.wikimedia.org/wikipedia/commons/f/fa/Sergey_Sirotkin_Moscow.jpg
846,https://upload.wikimedia.org/wikipedia/commons/1/14/Lando_Norris%2C_Formel_4_2015.JPG
847,https://upload.wikimedia.org/wikipedia/commons/f/ff/George_Russell%2C_British_GP_2022_%2852381430692%29_%28cropped%29.jpg
848,https://upload.wikimedia.org/wikipedia/commons/c/c1/Alex_Albon_%28cropped%29.jpg
849,https://upload.wikimedia.org/wikipedia/commons/5/58/Nicholas_Latifi_at_Singapore_in_2022_%28cropped%29.jpg
850,https://upload.wikimedia.org/wikipedia/commons/e/ec/Pietro_and_Enzo_Fittipaldi_%28cropped2%29.jpg
851,https://upload.wikimedia.org/wikipedia/commons/a/aa/APR47.png
852,https://upload.wikimedia.org/wikipedia/commons/e/eb/2021_US_GP%2C_Tsunoda.jpg
853,https://upload.wikimedia.org/wikipedia/commons/e/e8/%D0%9D%D0%B8%D0%BA%D0%B8%D1%82%D0%B0_%D0%9C%D0%B0%D0%B7%D0%B5%D0%BF%D0%B8%D0%BD_-_%D0%B8%D0%BD%D1%82%D0%B5%D1%80%D0%B2%D1%8C%D1%8E_-_2019%2C_02.jpg
854,https://upload.wikimedia.org/wikipedia/commons/9/9e/Mick_Schumacher_2024_WEC_Fuji.jpg
855,https://upload.wikimedia.org/wikipedia/commons/e/ed/Zhou_Guanyu_at_the_2022_Austrian_Grand_Prix.jpg
856,https://upload.wikimedia.org/wikipedia/commons/2/2e/Nyck_de_Vries_2024_SF_Motegi.jpg
857,https://upload.wikimedia.org/wikipedia/commons/1/15/Blancpain_Gt_Series_Endurance_Cup_-_Autodromo_Nazionale_di_Monza_-_22-04-2018_%2841650514132%29.jpg
858,https://upload.wikimedia.org/wikipedia/commons/0/02/Logan_Sargeant_NYC_%28cropped%29.jpg
859,https://upload.wikimedia.org/wikipedia/commons/5/5e/Liam_Lawson_Austria_2022.jpg
860,https://upload.wikimedia.org/wikipedia/commons/9/9a/2025_Japan_GP_-_Haas_-_Oliver_Bearman_-_Thursday_%28cropped%29.jpg
861,https://upload.wikimedia.org/wikipedia/commons/7/79/Conferencia_de_prensa_Colapinto_ACA_octubre_2023_-_BugWarp_%2813%29_%28cropped%29.jpg
862,https://upload.wikimedia.org/wikipedia/commons/4/42/Jack_Doohan_2023.jpg
